Rank,TimeStamp_df1,Symbol,Price USD,TimeStamp_df2,Price_USD
1,2024-01-31T19:35:00,BTC,43158.34647342114,2024-01-31T19:31:32,43120.9213033999
2,2024-01-31T19:35:00,ETH,2318.7730443585297,2024-01-31T19:31:32,2312.3012918469
3,2024-01-31T19:35:00,SOL,99.9101651141702,2024-01-31T19:31:32,99.8650548710177
4,2024-01-31T19:35:00,XRP,0.5098441854670029,2024-01-31T19:31:32,0.510083000659343
5,2024-01-31T19:34:00,BNB,303.52770014792094,2024-01-31T19:31:33,303.499951301777
6,2024-01-31T19:34:00,AVAX,34.804195468014456,2024-01-31T19:31:34,34.7890655792454
7,2024-01-31T19:34:00,ADA,0.5102559618626797,2024-01-31T19:31:33,0.508830631866961
8,2024-01-31T19:34:00,MATIC,0.7996490209485626,2024-01-31T19:31:32,0.799053544857774
9,2024-01-31T19:34:00,SEI,0.6790112647200095,2024-01-31T19:31:32,0.678502697392381
10,2024-01-31T19:35:00,ETC,24.941123529384672,2024-01-31T19:31:32,24.9587172599336
11,2024-01-31T19:35:00,LTC,67.49393211014697,2024-01-31T19:31:34,67.3964094042869
12,2024-01-31T19:35:00,DOGE,0.07952765821646754,2024-01-31T19:31:32,0.0794680914301745
13,2024-01-31T19:34:00,TRX,0.11295019713182781,2024-01-31T19:31:33,0.112946551653458
14,2024-01-31T19:35:00,RUNE,4.818418913778772,2024-01-31T19:31:32,4.81582501100703
15,2024-01-31T19:35:00,NEAR,2.9252202292035956,2024-01-31T19:31:31,2.91588698089705
16,2024-01-31T19:34:00,DOT,6.7798450588459325,2024-01-31T19:31:33,6.77104389821707
17,2024-01-31T19:34:00,BCH,237.20186376739326,2024-01-31T19:31:34,237.053326862666
18,2024-01-31T19:34:00,ATOM,9.190813857045208,2024-01-31T19:31:33,9.18788396934077
19,2024-01-31T19:35:00,FIL,5.047298098316,2024-01-31T19:31:32,5.02260506958825
20,2024-01-31T19:35:00,APT,9.066326370228849,2024-01-31T19:31:34,9.05123142368777
21,2024-01-31T19:35:00,NEO,10.925444067221093,2024-01-31T19:31:32,10.9069645480393
22,2024-01-31T19:34:00,EOS,0.6943821443661778,2024-01-31T19:31:31,0.694007508090487
23,2024-01-31T19:35:00,XMR,165.1459358248089,2024-01-31T19:31:33,164.697703540178
24,2024-01-31T19:34:00,MINA,1.1662400019108452,2024-01-31T19:31:32,1.16662521191858
25,2024-01-31T19:34:00,STX,1.5216147313476693,2024-01-31T19:31:33,1.519063849198
26,2024-01-31T19:34:00,XLM,0.11054546748011788,2024-01-31T19:31:31,0.110504209497514
27,2024-01-31T19:34:00,FTM,0.362630304053937,2024-01-31T19:31:32,0.361907704760555
28,2024-01-31T19:34:00,BSV,70.20098113980718,2024-01-31T19:31:32,70.1944252611924
29,2024-01-31T19:35:00,CFX,0.23032730570306492,2024-01-31T19:31:32,0.228908331968345
30,2024-01-31T19:34:00,CTXC,0.5071781435092001,2024-01-31T19:31:30,0.50059034802355
31,2024-01-31T19:34:00,FET,0.580224844272203,2024-01-31T19:31:31,0.579198070733863
32,2024-01-31T19:34:00,ZEC,21.781374818442004,2024-01-31T19:31:32,21.7600716974003
33,2024-01-31T19:34:00,HBAR,0.0703044703121743,2024-01-31T19:31:32,0.0701746477748214
34,2024-01-31T19:35:00,LSK,1.3416392111249513,2024-01-31T19:31:32,1.33774287615443
35,2024-01-31T19:34:00,FLOW,0.729790140870265,2024-01-31T19:31:33,0.728193193626919
36,2024-01-31T19:34:00,CKB,0.00475626050322925,2024-01-31T19:31:32,0.00477448239159597
37,2024-01-31T19:34:00,OSMO,1.623681433046283,2024-01-31T19:31:32,1.62298450348514
38,2024-01-31T19:34:00,ARK,0.9174566919764439,2024-01-31T19:31:27,0.896051902513187
39,2024-01-31T19:34:00,LUNA,0.6130693693690032,2024-01-31T19:31:34,0.612409365438994
40,2024-01-31T19:35:00,DASH,26.875585807083446,2024-01-31T19:31:32,26.8117340928161
41,2024-01-31T19:34:00,EGLD,54.87629766161162,2024-01-31T19:31:34,54.855672068735
42,2024-01-31T19:34:00,ALGO,0.16122913700087116,2024-01-31T19:31:32,0.161074357529285
43,2024-01-31T19:34:00,QTUM,2.855131144612158,2024-01-31T19:31:34,2.8542119151667
44,2024-01-31T19:35:00,VET,0.02841688655049181,2024-01-31T19:31:33,0.028314142146908
45,2024-01-31T19:35:00,WAVES,2.1454382082052175,2024-01-31T19:31:31,2.13963532935396
46,2024-01-31T19:35:00,LUNC,9.617907547557115e-05,2024-01-31T19:31:31,9.59299530004871e-05
47,2024-01-31T19:34:00,XTZ,0.9811314538583179,2024-01-31T19:31:32,0.979085457432827
48,2024-01-31T19:34:00,XEM,0.036263667288847855,2024-01-31T19:31:31,0.0362253750755321
49,2024-01-31T19:34:00,XDC,0.04351356939202581,2024-01-31T19:31:33,0.0434320967508568
50,2024-01-31T19:34:00,KAS,0.1015947867148633,2024-01-31T19:31:28,0.101583032658462
51,2024-01-31T19:35:00,THETA,0.9804627116100476,2024-01-31T19:31:33,0.977631622847094
52,2024-01-31T19:34:00,CELO,0.6717317450086575,2024-01-31T19:31:30,0.671518868138248
53,2024-01-31T19:34:00,KSM,38.5398940780914,2024-01-31T19:31:31,38.5194382851748
54,2024-01-31T19:35:00,KLAY,0.1950347536546461,2024-01-31T19:31:32,0.196431153752565
55,2024-01-31T19:35:00,CTC,0.5089725264124815,2024-01-31T19:31:32,0.513214257684662
56,2024-01-31T19:34:00,REEF,0.0014079978317857996,2024-01-31T19:31:31,0.00142502689881286
57,2024-01-31T19:34:00,HNT,7.777193975076184,2024-01-31T19:31:31,7.78619950985315
58,2024-01-31T19:34:00,AR,8.570186720330952,2024-01-31T19:31:32,8.5481715030063
59,2024-01-31T19:34:00,FLR,0.023591781622693625,2024-01-31T19:31:29,0.0235804200787302
60,2024-01-31T19:34:00,ZIL,0.020058798228370315,2024-01-31T19:31:31,0.0200355871392724
61,2024-01-31T19:35:00,SC,0.008519208878932906,2024-01-31T19:31:33,0.00849483487715252
62,2024-01-31T19:35:00,NTRN,1.0971000745986386,2024-01-31T19:31:30,1.09241487003161
63,2024-01-31T19:35:00,SXP,0.3166455630710571,2024-01-31T19:31:32,0.315617420282187
64,2024-01-31T19:35:00,BTG,23.343671988420915,2024-01-31T19:30:25,22.1577454418157
65,2024-01-31T19:35:00,STRAX,0.875460211657337,2024-01-31T19:31:30,0.863658242781636
66,2024-01-31T19:34:00,DFI,0.14597722424334508,2024-01-31T19:31:31,0.146298739186646
67,2024-01-31T19:34:00,ETHW,2.6339128393976203,2024-01-31T19:31:34,2.63107423262172
68,2024-01-31T19:34:00,JUP,0.0059007429528485315,2024-01-31T19:23:49,0.00611054070056641
69,2024-01-31T19:34:00,ONT,0.22966515956720204,2024-01-31T19:31:31,0.229038550418651
70,2024-01-31T19:34:00,IOTX,0.04141002205528216,2024-01-31T19:31:32,0.0414198971351489
71,2024-01-31T19:35:00,IOST,0.008339916956648893,2024-01-31T19:31:31,0.00834245056394616
72,2024-01-31T19:34:00,CRO,0.08120811389101013,2024-01-31T19:31:33,0.0810773260742815
73,2024-01-31T19:34:00,FLUX,0.5745072747235398,2024-01-31T19:31:30,0.574293023604499
74,2024-01-31T19:34:00,RVN,0.018111532039015953,2024-01-31T19:31:31,0.0180589337877791
75,2024-01-31T19:34:00,CSPR,0.03450466338176328,2024-01-31T19:31:24,0.0344913167203964
76,2024-01-31T19:35:00,ICX,0.22326499697408456,2024-01-31T19:31:32,0.219849119451769
77,2024-01-31T19:34:00,CORE,0.47517582003569603,2024-01-31T19:31:32,0.474586088700164
78,2024-01-31T19:35:00,ABBC,0.037161217752480324,2024-01-31T19:31:19,0.0372668742496415
79,2024-01-31T19:34:00,ONE,0.014335300851686151,2024-01-31T19:31:27,0.0143182337154059
80,2024-01-31T19:34:00,XEC,3.057111846173084e-05,2024-01-31T19:31:28,3.03518010557243e-05
81,2024-01-31T19:34:00,CNX,29.337647296310728,2024-01-28T00:00:15,0.689598806434926
82,2024-01-31T19:34:00,ZEN,7.884749967482115,2024-01-31T19:31:32,7.87045635954911
83,2024-01-31T19:35:00,XCH,29.901141548428654,2024-01-31T19:31:31,29.8073851111288
84,2024-01-31T19:34:00,GLMR,0.3605296023765095,2024-01-31T19:31:31,0.360067934519251
85,2024-01-31T19:34:00,COTI,0.056966367376413043,2024-01-31T19:31:26,0.0568411451557861
86,2024-01-31T19:34:00,AZERO,1.0157202655984061,2024-01-31T19:31:30,1.01720200328696
87,2024-01-31T19:35:00,BOBA,0.23827148770224638,2024-01-31T19:31:30,0.240478776429407
88,2024-01-31T19:34:00,KDA,0.976646273825982,2024-01-31T19:31:32,0.977078630734383
89,2024-01-31T19:35:00,WAXP,0.05657916973129243,2024-01-31T19:31:32,0.0563612040193568
90,2024-01-31T19:35:00,AKT,2.8736110708196145,2024-01-31T19:31:31,2.88359824238444
91,2024-01-31T19:35:00,DCR,15.963276006454834,2024-01-31T19:31:32,15.9244394300661
92,2024-01-31T19:34:00,ISLM,0.08082329417263709,2024-01-31T19:21:49,0.0777837527637308
93,2024-01-31T19:35:00,BFIC,14.37905926050897,2024-01-31T19:30:59,14.3868334270587
94,2024-01-31T19:34:00,VIC,0.6873352323336568,2024-01-31T19:31:27,0.687873841101463
95,2024-01-31T19:35:00,WEMIX,2.4204063597375747,2024-01-31T19:31:30,2.46196924837338
96,2024-01-31T19:34:00,XRD,0.04108460941218194,2024-01-31T19:31:27,0.041078898663078
97,2024-01-31T19:34:00,NKN,0.10556434627349409,2024-01-31T19:31:31,0.105403294385143
98,2024-01-31T19:35:00,STEEM,0.21338741674288023,2024-01-31T19:31:32,0.21291953324102
99,2024-01-31T19:34:00,TFUEL,0.041130127486119605,2024-01-31T19:31:30,0.0410878623042675
100,2024-01-31T19:35:00,DGB,0.0075298833394416105,2024-01-31T19:31:15,0.00751348208998649
101,2024-01-31T19:34:00,ACA,0.08050687413246654,2024-01-31T19:31:34,0.0802636115882573
102,2024-01-31T19:34:00,XPLA,0.17059850574160687,2024-01-31T19:31:33,0.167694058422217
103,2024-01-31T19:34:00,TRIAS,13.397608469875504,2024-01-31T19:31:15,13.3836015284231
104,2024-01-31T19:34:00,CTK,0.6214641862858578,2024-01-31T19:31:33,0.621234863019146
105,2024-01-31T19:34:00,SCRT,0.3878783976375142,2024-01-31T19:31:28,0.387736233223649
106,2024-01-31T19:34:00,MOB,0.31613462130712694,2024-01-31T19:31:22,0.317909036238042
107,2024-01-31T19:34:00,BDX,0.04381155037257187,2024-01-31T19:31:32,0.0438346470975029
108,2024-01-31T19:34:00,XVG,0.003176929603099441,2024-01-31T19:31:31,0.00316891718859624
109,2024-01-31T19:35:00,DESO,37.75075886054029,2024-01-31T19:31:23,37.8309694581132
110,2024-01-31T19:34:00,SYS,0.11977154936365615,2024-01-31T19:31:23,0.119678615313579
111,2024-01-31T19:34:00,KUJI,3.1792739581013505,2024-01-31T19:31:18,3.16590325079748
112,2024-01-31T19:34:00,ALPH,1.8333890192186015,2024-01-31T19:30:44,1.8410282232484
113,2024-01-31T19:35:00,HIVE,0.3039988064961104,2024-01-31T19:31:24,0.304416183603925
114,2024-01-31T19:35:00,ARDR,0.08496146352559814,2024-01-31T19:31:31,0.0848144042239663
115,2024-01-31T19:35:00,AMB,0.007522866893216021,2024-01-31T19:31:22,0.00748738489968727
116,2024-01-31T19:34:00,ELA,3.3086161023518095,2024-01-31T19:31:27,3.30773117175788
117,2024-01-31T19:34:00,FNSA,26.0137081315975,2024-01-31T19:31:27,26.6178376760625
118,2024-01-31T19:34:00,GRV,0.09830424497601072,2024-01-31T19:31:26,0.0984267330856603
119,2024-01-31T19:34:00,TLOS,0.19975691631576536,2024-01-31T19:31:28,0.199914570631893
120,2024-01-31T19:35:00,MED,0.010656108157000285,2024-01-31T19:30:51,0.0102944819159682
121,2024-01-31T19:35:00,DNX,0.6807203490290377,2024-01-31T19:31:29,0.680420592303163
122,2024-01-31T19:34:00,AIOZ,0.13701391336369065,2024-01-31T19:31:32,0.136669119140553
123,2024-01-31T19:34:00,OMAX,0.0034495715655388924,2024-01-31T19:30:40,0.00330704909558273
124,2024-01-31T19:34:00,VITE,0.017560314097094614,2024-01-31T19:31:26,0.0175487874697658
125,2024-01-31T19:34:00,FIO,0.024955950646134623,2024-01-31T19:31:27,0.0249863809214225
126,2024-01-31T19:35:00,PCI,0.08935328448649377,2024-01-31T19:31:29,0.0894215329215912
127,2024-01-31T19:34:00,LTO,0.07905715899305471,2024-01-31T19:31:32,0.0788392228598757
128,2024-01-31T19:34:00,WAN,0.20996210093062598,2024-01-31T19:31:31,0.210098324408318
129,2024-01-31T19:34:00,GRIN,0.08275042553253,2024-01-31T19:31:30,0.0821450657289806
130,2024-01-31T19:34:00,VLX,0.021662609463901375,2024-01-31T19:31:33,0.0217118009149522
131,2024-01-31T19:35:00,EWT,2.0775596612760316,2024-01-31T19:31:27,2.07608824866267
132,2024-01-31T19:35:00,PIVX,0.2969256634207204,2024-01-31T19:31:22,0.296162787095868
133,2024-01-31T19:35:00,NULS,0.22201660781389457,2024-01-31T19:31:33,0.222040669666586
134,2024-01-31T19:34:00,LAT,0.0076889254156535525,2024-01-31T19:31:13,0.00768430200726368
135,2024-01-31T19:34:00,XDB,0.00042531984787664786,2024-01-31T19:31:22,0.000424978994603427
136,2024-01-31T19:34:00,AERGO,0.12598207431379913,2024-01-31T19:31:32,0.125961905288779
137,2024-01-31T19:34:00,XNA,0.0025880750082189364,2024-01-31T19:30:14,0.0025500630090742
138,2024-01-31T19:35:00,KAI,0.00581392776314502,2024-01-31T19:31:24,0.0058126804884705
139,2024-01-31T19:34:00,VRC,1.7018278328898904,2024-01-31T19:30:40,1.70175114286151
140,2024-01-31T19:34:00,LYX,9.067679471216112,2024-01-31T19:29:31,9.07103980245034
141,2024-01-31T19:35:00,META,0.03450353186736172,2024-01-31T19:00:04,0.0346461856135632
142,2024-01-31T19:34:00,TT,0.004295372513966753,2024-01-31T19:31:14,0.00417799458692132
143,2024-01-31T19:34:00,DAG,0.05200391894013224,2024-01-31T19:30:59,0.0520540396364207
144,2024-01-31T19:34:00,FIRO,1.582773969474331,2024-01-31T19:31:24,1.5781125053472
145,2024-01-31T19:34:00,EVMOS,0.07760652167227812,2024-01-31T19:31:33,0.0777568976909523
146,2024-01-31T19:35:00,ETN,0.002239568566308826,2024-01-31T19:31:30,0.00224349143963858
147,2024-01-31T19:34:00,NEER,0.26205862486368414,2024-01-31T19:29:12,0.262266135497677
148,2024-01-31T19:34:00,VSYS,0.0011814749851485594,2024-01-31T19:31:33,0.00117823049094148
149,2024-01-31T19:34:00,CFG,0.500930693734016,2024-01-31T19:31:07,0.50099979169356
150,2024-01-31T19:34:00,XYM,0.028689176917310835,2024-01-31T19:31:28,0.0286818352187316
151,2024-01-31T19:34:00,HTR,0.07485356020884215,2024-01-31T19:31:23,0.0745054578661405
152,2024-01-31T19:34:00,IRIS,0.02756783411414618,2024-01-31T19:31:20,0.0276878892135219
153,2024-01-31T19:34:00,KLV,0.0029390760423738446,2024-01-31T19:31:29,0.00289282836706769
154,2024-01-31T19:35:00,DEL,0.010624768398479872,2024-01-31T19:31:26,0.0105758782886941
155,2024-01-31T19:34:00,MTRG,2.636726085246259,2024-01-31T19:30:53,2.64001971126083
156,2024-01-31T19:34:00,BTM,0.00828712362631856,2024-01-31T19:31:32,0.00824088094634912
157,2024-01-31T19:34:00,CCD,0.0054529218899866385,2024-01-31T19:31:28,0.00544508855381749
158,2024-01-31T19:35:00,BTCA,43078.69808176318,2024-01-30T00:00:06,43331.3656937772
159,2024-01-31T19:34:00,KMD,0.24363939285721267,2024-01-31T19:31:27,0.242982595648905
160,2024-01-31T19:34:00,NIM,0.001403942119196095,2024-01-31T19:31:25,0.00139774611771716
161,2024-01-31T19:35:00,REI,0.027711993447882225,2024-01-31T19:31:14,0.0278832901485249
162,2024-01-31T19:35:00,WICC,0.003419348986104222,2024-01-31T19:30:48,0.00334443659500649
163,2024-01-31T19:35:00,GRS,0.5145536882926987,2024-01-31T19:29:55,0.491036532953742
164,2024-01-31T19:34:00,KUB,1.9491287238535975,2024-01-31T19:31:25,1.96125097672962
165,2024-01-31T19:35:00,FRA,0.0015304705646956734,2024-01-31T19:31:32,0.00153082729144532
166,2024-01-31T19:34:00,SERO,0.003339170443250184,2024-01-31T19:31:03,0.0033390527744761
167,2024-01-31T19:34:00,MTV,0.0017361149674831307,2024-01-31T19:31:31,0.00172738934979863
168,2024-01-31T19:34:00,ZYN,0.07250010129962482,2024-01-31T19:31:34,0.072647068860812
169,2024-01-31T19:34:00,AE,0.018075891289481658,2024-01-31T19:31:28,0.0178957739089419
170,2024-01-31T19:34:00,RBTC,42975.77591528838,2023-11-09T23:00:02,37202.0
171,2024-01-31T19:34:00,KMA,0.002748813189301802,2024-01-31T19:31:12,0.00274728853741416
172,2024-01-31T19:35:00,BITCI,0.0015463518179525777,2024-01-31T19:31:19,0.00153997618711935
173,2024-01-31T19:34:00,DOCK,0.025967149683201043,2024-01-31T19:31:07,0.02598662763019
174,2024-01-31T19:34:00,MWC,4.550726446666795,2024-01-31T19:29:54,4.52271900645368
175,2024-01-31T19:35:00,DIVI,0.0038809351223404085,2024-01-31T19:31:19,0.00389311403897176
176,2024-01-31T19:34:00,CRP,0.31996711467601907,2024-01-31T19:31:22,0.320522830121499
177,2024-01-31T19:34:00,ERG,1.2094541540609094,2024-01-31T19:31:12,1.20887886124622
178,2024-01-31T19:35:00,ABEY,0.38376055816455035,2024-01-31T19:31:04,0.387320138756298
179,2024-01-31T19:34:00,EOSC,0.002810662441118388,2024-01-31T19:31:22,0.00278912943160818
180,2024-01-31T19:34:00,OMC,0.014274648684304003,2024-01-31T19:24:42,0.0140969590885693
181,2024-01-31T19:34:00,HDX,0.03693829983574069,2024-01-31T19:27:10,0.0368943018877887
182,2024-01-31T19:35:00,XWC,0.04374509678428723,2024-01-31T19:29:56,0.0437409211210866
183,2024-01-31T19:34:00,ACT,0.001077963311076889,2024-01-31T19:31:23,0.00107873566078133
184,2024-01-31T19:35:00,XEP,0.0005099412100412421,2024-01-31T19:30:48,0.000500393628811138
185,2024-01-31T19:35:00,VAL,1.976234729512608,2023-11-21T10:28:24,1.89492628900043
186,2024-01-31T19:34:00,OCTA,0.5769958278117906,2024-01-31T19:31:09,0.580782499910754
187,2024-01-31T19:35:00,NRG,0.11615125737271949,2024-01-31T19:29:56,0.115233416913293
188,2024-01-31T19:34:00,WIT,0.012058171413718066,2024-01-31T19:30:48,0.01205576925085
189,2024-01-31T19:34:00,HC,0.0927747718268116,2024-01-31T19:31:20,0.0917502678308433
190,2024-01-31T19:34:00,FRTS,7.393578046619262e-06,2024-01-31T19:31:29,7.35847438626846e-06
191,2024-01-31T19:35:00,KOIN,1.0198834326990407,2024-01-31T19:31:22,1.0197913826721
192,2024-01-31T19:34:00,BTS,0.0037853570100874066,2024-01-31T19:31:29,0.00377353658660243
193,2024-01-31T19:34:00,FSN,0.1739877280097778,2024-01-31T19:31:20,0.173550687746078
194,2024-01-31T19:34:00,JUNO,0.35685962991697284,2024-01-31T19:30:47,0.35762067511864
195,2024-01-31T19:34:00,UBX,1.7293580732127014e-05,2024-01-31T19:31:34,1.68927172227605e-05
196,2024-01-31T19:34:00,MAN,0.015624161351900498,2024-01-31T19:30:34,0.0149845209673745
197,2024-01-31T19:35:00,EVER,0.058416640745984696,2024-01-31T19:29:31,0.058256796461285
198,2024-01-31T19:35:00,AMO,0.0005086677832275825,2024-01-31T19:31:15,0.000508627878419779
199,2024-01-31T19:35:00,PCX,0.5026068137240166,2024-01-31T19:31:09,0.503572826279353
200,2024-01-31T19:35:00,HYDRA,0.6062713694797546,2024-01-31T19:31:20,0.607545736279748
201,2024-01-31T19:34:00,ARRR,0.22670177821451104,2024-01-31T19:31:29,0.224787144022906
202,2024-01-31T19:35:00,HNS,0.04035898590188218,2024-01-31T19:31:18,0.0403822081471237
203,2024-01-31T19:35:00,EXCC,0.03297951433401558,2024-01-31T19:30:57,0.0338745949395409
204,2024-01-31T19:34:00,ZANO,2.9937741610325985,2024-01-31T19:29:54,3.00707213324279
205,2024-01-31T19:34:00,TEM,0.2344374498671343,2024-01-31T19:31:02,0.234336339894379
206,2024-01-31T19:35:00,BDCC,1.134863536714208e-05,2024-01-31T19:29:30,1.13677434115773e-05
207,2024-01-31T19:34:00,AYA,0.00043464638707562986,2024-01-31T19:29:56,0.000545061745310006
208,2024-01-31T19:35:00,RXD,0.0016524822650757227,2024-01-31T19:30:58,0.00165651089545552
209,2024-01-31T19:35:00,MARO,0.00120018438933679,2024-01-31T19:31:10,0.00120642508331645
210,2024-01-31T19:34:00,CET,0.031873672860662665,2024-01-31T19:30:55,0.031897063472062
211,2024-01-31T19:34:00,AME,0.0008195277409344129,2024-01-31T19:31:27,0.000818537170686804
212,2024-01-31T19:34:00,XX,0.08769350489692454,2024-01-31T19:31:19,0.0887524435456669
213,2024-01-31T19:34:00,XFC,0.008005850334821086,2024-01-31T19:31:31,0.00800553643019573
214,2024-01-31T19:35:00,KON,0.0017102973461389883,2024-01-31T19:31:04,0.00170896996407687
215,2024-01-31T19:34:00,GO,0.004743009479357591,2024-01-31T19:30:38,0.0046818123082788
216,2024-01-31T19:34:00,PLCU,370.1154886805288,2024-01-31T19:31:09,378.65955499392
217,2024-01-31T19:34:00,NEBL,0.010892925240009545,2024-01-31T19:30:53,0.0109793097579542
218,2024-01-31T19:35:00,MINTME,0.0022960247159528407,2024-01-31T19:30:48,0.00230352593898275
219,2024-01-31T19:35:00,CLUB,0.007090189628694998,2024-01-31T17:00:07,0.00241494718686651
220,2024-01-31T19:34:00,PLEX,0.02651901387718287,2024-01-31T19:29:59,0.0262057570093982
221,2024-01-31T19:34:00,IDNA,0.022515203938138346,2024-01-31T19:31:15,0.0225152503726099
222,2024-01-31T19:35:00,MONA,0.35934154042463656,2024-01-31T19:31:10,0.351241366775463
223,2024-01-31T19:34:00,MASS,0.0029371706888975647,2024-01-31T19:29:34,0.00294170450219715
224,2024-01-31T19:35:00,ETHO,0.0028022227739752208,2024-01-31T19:00:08,0.00285036397558844
225,2024-01-31T19:34:00,ZPT,0.00021131389927542133,2024-01-31T19:31:32,0.000211916601684607
226,2024-01-31T19:34:00,BTCZ,9.495531532651168e-05,2024-01-31T19:31:14,9.49360937407222e-05
227,2024-01-31T19:35:00,XPX,0.0006607813224463988,2024-01-31T19:29:35,0.00066426360126474
228,2024-01-31T19:35:00,GOD,0.3668216785050114,2024-01-31T19:31:14,1.42040354102008
229,2024-01-31T19:35:00,TIPS,5.0925343672249455e-06,2024-01-31T19:28:57,5.10161176729886e-06
230,2024-01-31T19:35:00,BCD,0.08594601673504257,2024-01-31T19:31:05,0.0864968464896725
231,2024-01-31T19:34:00,NAS,0.008324982447913926,2024-01-31T19:31:01,0.00833455083243009
232,2024-01-31T19:34:00,ADS,0.34284330755779985,2024-01-31T19:31:16,0.343264628550855
233,2024-01-31T19:35:00,XDAG,0.00755913603059289,2024-01-31T19:28:29,0.00752547421596058
234,2024-01-31T19:35:00,SBTC,0.44007663980892825,2024-01-31T19:29:41,0.439550020387271
235,2024-01-31T19:34:00,PART,0.4777760175966541,2024-01-31T19:30:49,0.474402351425716
236,2024-01-31T19:35:00,HPB,0.005880205285671414,2024-01-31T19:30:12,0.00587863020474838
237,2024-01-31T19:35:00,NYZO,0.009951596426913007,2024-01-31T19:30:57,0.00998973333003122
238,2024-01-31T19:34:00,BAN,0.005114235150693375,2024-01-31T19:29:55,0.00511096074093913
239,2024-01-31T19:35:00,PAC,6.453962736405841e-05,2024-01-31T19:31:14,6.47272912722698e-05
240,2024-01-31T19:34:00,PKOIN,0.34088219081450677,2024-01-31T19:30:20,0.331433197182562
241,2024-01-31T19:34:00,NVT,0.008068885415771426,2024-01-31T19:29:34,0.00807934129975794
242,2024-01-31T19:34:00,ETP,0.013753412990104824,2024-01-31T19:31:29,0.0137113212879697
243,2024-01-31T19:35:00,NAV,0.045287513675636104,2024-01-31T19:30:44,0.0451607086358824
244,2024-01-31T19:34:00,PI,0.0039055734212322187,2024-01-31T19:31:14,0.00391409390491585
245,2024-01-31T19:35:00,BCN,4.21461837136478e-05,2024-01-31T19:31:12,0.000337021610740879
246,2024-01-31T19:34:00,XHV,0.1498943454242116,2024-01-31T19:31:03,0.129848166230014
247,2024-01-31T19:34:00,CLO,0.0007331452606847916,2024-01-31T19:30:39,0.000732741518794042
248,2024-01-31T19:34:00,XMC,0.3280199575679094,2024-01-31T19:31:15,0.328429046137627
249,2024-01-31T19:35:00,ATOLO,0.00024211131474428815,2024-01-31T19:30:57,0.000243150018390589
250,2024-01-31T19:35:00,BCX,0.00020637178578527396,2024-01-31T19:30:45,0.000206602636440845
251,2024-01-31T19:35:00,AUX,0.0004132720178003237,2024-01-31T19:08:25,0.000420143228847448
252,2024-01-31T19:34:00,TNC,0.00010810640327559453,2024-01-31T19:21:21,0.000107977603097296
253,2024-01-31T19:35:00,YEC,0.05111651002182301,2024-01-31T12:00:01,0.0449729067951559
254,2024-01-31T19:34:00,DERO,2.460735984991906,2024-01-31T19:28:48,2.47252518056994
255,2024-01-31T19:35:00,LBC,0.004102337222180746,2024-01-31T19:31:10,0.00410816308400431
256,2024-01-31T19:35:00,NMC,0.5805288724021407,2024-01-31T19:31:09,0.575130122264487
257,2024-01-31T19:35:00,RTM,0.0011817812803643327,2024-01-31T19:29:14,0.00113210131592737
258,2024-01-31T19:35:00,ETI,0.6344239547024337,2024-01-31T19:30:45,0.634269505393044
259,2024-01-31T19:35:00,GLC,0.008116920067315547,2024-01-31T19:28:42,0.00810845594533195
260,2024-01-31T19:35:00,VTC,0.03958047604415222,2024-01-31T19:29:31,0.0395052878686472
261,2024-01-31T19:35:00,PPC,0.34927791965330096,2024-01-31T19:00:06,0.352423944396347
262,2024-01-31T19:35:00,ION,521.6376665620326,2023-11-17T21:00:00,0.00438192434970498
263,2024-01-31T19:34:00,VRSC,1.1036426306011422,2024-01-31T00:00:01,0.515821155441691
264,2024-01-31T19:35:00,SAPP,0.010051986511928072,2024-01-31T11:00:00,0.00971423801011959
265,2024-01-31T19:34:00,OXEN,0.12141624824625535,2024-01-31T19:29:56,0.12146723768181
266,2024-01-31T19:35:00,NSD,0.0009872609314118843,2024-01-31T19:06:57,0.00100537555976485
267,2024-01-31T19:35:00,EPIC,0.2333412894986299,2024-01-31T19:00:02,0.267530730181651
268,2024-01-31T19:35:00,CPH,0.015187264175750715,2024-01-31T19:00:18,0.0151866496714639
269,2024-01-31T19:34:00,QRL,0.1830855617002032,2023-11-21T10:54:07,0.0444802864460777
270,2024-01-31T19:35:00,PAK,0.003535916167017186,2024-01-31T19:25:07,0.00353559574573305
271,2024-01-31T19:34:00,ILC,0.0013459133018250088,2024-01-31T19:31:32,0.00134573716715472
272,2024-01-31T19:34:00,GBYTE,10.56621529053529,2023-11-21T10:58:44,6.55008526579769
273,2024-01-31T19:34:00,ZNN,1.4943090195191608,2023-11-22T08:00:01,3.61983452680381
274,2024-01-31T19:34:00,BSTY,0.017464536932181748,2024-01-31T19:23:07,0.0170733441114851
275,2024-01-31T19:35:00,PIRATE,0.009861524147741864,2024-01-31T19:29:56,0.00979995701279772
276,2024-01-31T19:34:00,SCP,0.12355305577526532,2024-01-31T19:00:00,0.139979329956992
277,2024-01-31T19:35:00,FLS,0.01765264096335999,2024-01-31T18:00:00,0.0175844014340669
278,2024-01-31T19:35:00,GHOST,0.11680241314789777,2024-01-31T19:00:00,16060864035.5967
279,2024-01-31T19:35:00,PKT,0.0016502417955125163,2024-01-31T18:00:18,0.00167982610763151
280,2024-01-31T19:35:00,XBC,2.3963700298487587,2024-01-31T19:20:08,2.28266429343235
281,2024-01-31T19:34:00,TKG,3.997258117808155,2024-01-31T19:14:23,3.99710894043392
282,2024-01-31T19:35:00,SFD,0.4302857019121327,2024-01-31T19:00:02,0.441951241922082
283,2024-01-31T19:35:00,WDC,0.007499101119414111,2024-01-31T17:00:01,0.00749879734086316
284,2024-01-31T19:34:00,BIS,0.016298317344113293,2024-01-06T00:00:00,0.0138800261547508
285,2024-01-31T19:35:00,BTCV,1.005867777100756,2024-01-31T19:00:26,0.904486427094702
286,2024-01-31T19:34:00,LCC,0.006868498108277024,2024-01-31T19:00:03,0.00870496832621788
287,2024-01-31T19:35:00,G999,0.00120017585128183,2024-01-31T16:00:05,0.00119968413993558
288,2024-01-31T19:35:00,ZNZ,0.0034460439762975846,2024-01-24T00:00:00,0.00251111950007524
289,2024-01-31T19:34:00,PZM,0.0009099556730658992,2024-01-31T18:00:03,0.000909887167186772
290,2024-01-31T19:35:00,EGEM,0.0005166467446675889,2024-01-31T19:19:48,0.00051820860588553
291,2024-01-31T19:35:00,NYE,1.1884969317360576,2024-01-31T00:00:06,0.718044590439145
292,2024-01-31T19:35:00,INN,0.007499142887492946,2024-01-29T00:00:02,0.00750002704586753
293,2024-01-31T19:35:00,GIO,0.011552372154136122,2024-01-31T18:00:00,0.0116883180757274
294,2024-01-31T19:34:00,APL,3.5240053038825706e-05,2024-01-31T19:00:14,3.50944234576854e-05
295,2024-01-31T19:35:00,ENQ,0.000979888003965745,2024-01-31T17:00:03,0.000979848218575439
296,2024-01-31T19:35:00,X42,0.004305389538896574,2024-01-31T03:00:01,0.0042902780681001
297,2024-01-31T19:35:00,RDD,7.932513829143621e-05,2024-01-31T19:00:21,0.000459430733921711
298,2024-01-31T19:35:00,XCASH,2.2498882746007046e-06,2024-01-31T19:00:04,1.35769483640976e-05
299,2024-01-31T19:35:00,NYC,2.5613048083035605e-06,2024-01-31T15:00:01,1.97906403069479e-06
300,2024-01-31T19:35:00,YOC,7.17594618106462e-05,2023-11-17T01:00:02,0.000426199569861936
301,2024-01-31T19:34:00,EXO,0.01154831618570603,2024-01-31T04:00:00,0.0114097319631176
302,2024-01-31T19:35:00,COAL,0.002248085795602733,2024-01-31T18:00:02,0.00247456520438883
303,2024-01-31T19:35:00,RPD,0.002460338807390458,2023-12-29T01:00:00,0.00297116117106185
304,2024-01-31T19:35:00,NLC,0.0003803229207893319,2023-12-19T16:35:05,0.000929190170332342
305,2024-01-31T19:34:00,SMART,0.00013130602909276035,2024-01-31T14:00:02,0.000149303882924504
306,2024-01-31T19:34:00,PNY,0.0003781832728624713,2024-01-31T15:00:01,0.00034318535483465
307,2024-01-31T19:34:00,TRTL,2.3296836794570273e-05,2023-10-23T00:00:00,1.64789370313507e-05
308,2024-01-31T19:35:00,EXP,0.0022388025602262185,2024-01-31T19:00:02,0.00312599764966007
309,2024-01-31T19:34:00,SAFE,0.10890196905212852,2023-12-08T00:00:01,0.0488517471328329
310,2024-01-31T19:35:00,CURE,0.005169353593105349,2024-01-31T16:00:02,0.0052063855068613
311,2024-01-31T19:35:00,CREDIT,0.00014761904140396897,2024-01-31T19:00:08,3.20958744445907e-06
312,2024-01-31T19:34:00,THC,0.0016816196133124471,2024-01-31T19:00:04,0.00169745153663541
313,2024-01-31T19:34:00,UMI,0.0011411672052604736,2024-01-31T11:00:00,0.0011403854187151
314,2024-01-31T19:34:00,BTX,0.03991385869246412,2024-01-31T19:30:45,0.0419913606975218
315,2024-01-31T19:35:00,BOLI,0.0046498207020083,2024-01-31T19:00:02,0.00461854992895218
316,2024-01-31T19:34:00,BONTE,1.0939038657826446e-05,2024-01-31T18:00:01,1.19986439480008e-05
317,2024-01-31T19:34:00,VEIL,0.0036946172262280292,2024-01-30T00:00:05,0.00363983471827729
318,2024-01-31T19:35:00,OMNI,1.4123,2024-01-31T17:00:00,1.4123
319,2024-01-31T19:35:00,BLK,0.01377819027433219,2023-11-21T10:49:12,0.0101005953604117
320,2024-01-31T19:34:00,RUP,4.3053895388965747e-05,2024-01-31T15:00:00,4.28981685881722e-05
321,2024-01-31T19:35:00,KZC,0.0010332934893351779,2024-01-31T00:00:01,0.00103164231088338
322,2024-01-31T19:34:00,TRUE,0.0004307794660921125,2023-11-15T00:00:01,0.000675939971690315
323,2024-01-31T19:35:00,DIME,2.2959556544462427e-05,2024-01-24T11:00:09,1.06043676936238e-06
324,2024-01-31T19:35:00,BCA,0.2609344893296224,2024-01-26T13:26:35,0.353053048414283
325,2024-01-31T19:34:00,SIGNA,0.0012729279994428892,2024-01-31T19:00:05,0.00126938689308498
326,2024-01-31T19:35:00,SHND,8.304932412226147e-05,2024-01-29T00:00:00,8.41493475393794e-05
327,2024-01-31T19:35:00,CLOAK,0.21976925445344522,2024-01-31T12:00:12,0.261833062515031
328,2024-01-31T19:34:00,HUSH,0.0545891558079268,2023-12-20T17:00:00,0.221400607686851
329,2024-01-31T19:34:00,ZCL,0.07036883365865565,2024-01-31T16:00:01,0.0837779424388346
330,2024-01-31T19:35:00,FTC,0.0022025072632836542,2023-11-21T10:55:10,0.00115846134102039
331,2024-01-31T19:34:00,EUNO,6.773703508149499e-05,2024-01-29T00:00:06,6.60644729313689e-05
332,2024-01-31T19:34:00,SUMO,0.00805505343647,2024-01-31T18:00:02,0.00805819951172772
333,2024-01-31T19:34:00,ZER,0.02754206048103267,2023-11-19T04:00:00,0.00804350212107878
334,2024-01-31T19:35:00,HTML,5.988615534609791e-06,2024-01-31T00:00:06,5.70917741260403e-06
335,2024-01-31T19:35:00,DAPS,3.995640365284671e-06,2023-12-19T16:38:47,1.27426962175584e-05
336,2024-01-31T19:35:00,ARCO,0.03717893617750325,2024-01-24T11:00:09,0.0290051491493068
337,2024-01-31T19:34:00,UPX,4.3118451623396086e-05,2024-01-31T18:00:00,8.20260609821446e-06
338,2024-01-31T19:34:00,NOR,0.003401257735728294,2024-01-28T00:00:00,0.00544438282332102
339,2024-01-31T19:34:00,N8V,0.001690156510837512,2023-10-06T13:56:55,0.00390750408956876
340,2024-01-31T19:34:00,TELOS,0.00023681977568667102,2023-10-23T00:00:00,0.000300101544097418
341,2024-01-31T19:35:00,YTN,0.0009041318031682805,2024-01-04T01:00:00,0.000901344590777352
342,2024-01-31T19:34:00,TZC,8.623690324679217e-05,2024-01-29T00:00:01,8.41489509326758e-05
343,2024-01-31T19:35:00,GOSS,0.0004305389538896574,2023-12-14T00:00:01,6.65644107839391e-05
344,2024-01-31T19:34:00,ACOIN,0.008623690324679216,2024-01-26T13:00:11,0.0084
345,2024-01-31T19:35:00,ZET,0.0008610837523591817,2024-01-29T01:00:15,0.000735428313925768
346,2024-01-31T19:35:00,NXT,0.0021119292767005447,2024-01-31T19:00:08,0.00139632558239347
347,2024-01-31T19:35:00,BITS,0.00516650251415509,2024-01-24T17:00:12,0.00491166692710177
348,2024-01-31T19:35:00,BLU,0.00043054187617959085,2024-01-31T17:00:09,0.000419699557772319
349,2024-01-31T19:35:00,PINK,4.310059748368459e-05,2023-11-21T10:59:30,1.8007009604753e-05
350,2024-01-31T19:35:00,C2,0.00043054187617959085,2024-01-24T17:00:14,9.10732657777789e-05
351,2024-01-31T19:34:00,XDN,2.359989722957916e-05,2024-01-31T15:00:02,2.28714726049515e-05
352,2024-01-31T19:34:00,VIA,0.384616588480693,2023-11-21T10:42:42,0.0130974668749119
353,2024-01-31T19:34:00,CARBON,0.00043118451623396084,2024-01-31T17:00:09,9.54109737670833e-06
354,2024-01-31T19:34:00,CANN,0.0038806606461056475,2024-01-30T00:00:17,0.00360100208086818
355,2024-01-31T19:34:00,EMC,0.06323609086871389,2024-01-25T00:00:03,0.0101496564833445
356,2024-01-31T19:34:00,CRW,0.0015085209119289607,2024-01-28T00:00:14,0.149148826499014
357,2024-01-31T19:34:00,OK,0.005178348545938076,2023-11-21T10:46:10,0.00159780241551149
358,2024-01-31T19:34:00,CF,0.004311845162339608,2024-01-30T00:00:18,0.00293328140036854
359,2024-01-31T19:34:00,MEDIC,8.623690324679217e-05,2024-01-29T00:00:01,8.41489509326758e-05
360,2024-01-31T19:34:00,BTA,0.17316368386541894,2024-01-25T01:00:13,0.322805873684517
361,2024-01-31T19:34:00,ADC,0.00043118451623396084,2024-01-31T12:00:11,8.14414041318796e-05
362,2024-01-31T19:34:00,BSC,0.0017247380649358433,2023-12-19T16:38:47,0.00169902616234112
363,2024-01-31T19:34:00,HNC,0.016501846385119513,2024-01-31T19:00:13,0.0289957171197303
364,2024-01-31T19:34:00,AXIOM,0.0012935535487018823,2024-01-31T16:00:13,0.00128899634253247
365,2024-01-31T19:35:00,AMS,0.00043054187617959085,2023-12-29T14:00:12,4.70946038134022e-06
366,2024-01-31T19:35:00,ADZ,0.00043054187617959085,2024-01-25T01:00:14,0.000458043751757552
367,2024-01-31T19:35:00,AV,0.034873891970546855,2024-01-24T14:00:09,0.030446080909799
368,2024-01-31T19:35:00,SLS,8.611268065467996,2023-11-21T10:24:08,11.4132163427436
369,2024-01-31T19:35:00,CAB,0.00043054187617959085,2024-01-24T17:00:12,0.00038774034884719
370,2024-01-31T19:35:00,POST,0.0008610837523591817,2024-01-31T01:00:04,0.000367993404807731
371,2024-01-31T19:35:00,BERN,0.00043054187617959085,2024-01-28T00:00:14,0.000153367465952754
372,2024-01-31T19:35:00,ZUR,0.00020695373872848388,2024-01-27T00:00:18,0.000391821590682761
373,2024-01-31T19:35:00,2GIVE,0.00043054187617959085,2024-01-30T22:44:14,7.345e-05
374,2024-01-31T19:35:00,CJ,0.00043054187617959085,2024-01-27T23:04:00,2.989e-05
375,2024-01-31T19:35:00,ACES,0.00043054187617959085,2024-01-30T11:00:09,6.13156948071503e-06
376,2024-01-31T19:35:00,ZYD,0.00043054187617959085,2023-12-26T09:07:15,0.00059999
377,2024-01-31T19:34:00,CNT,0.00043118451623396084,2024-01-26T00:00:12,5.7820327840339e-05
378,2024-01-31T19:34:00,ARGUS,0.00043118451623396084,2024-01-18T00:00:11,0.000317658015433296
379,2024-01-31T19:34:00,BLAZR,0.00043054187617959085,2024-01-31T14:00:00,0.000228322746119723
380,2024-01-31T19:34:00,ZENI,0.00043054187617959085,2024-01-31T17:00:07,6.44307926706532e-05
381,2024-01-31T19:34:00,ADK,0.03493235420859858,2024-01-17T00:00:05,0.0871097713151849
382,2024-01-31T19:34:00,DCY,0.0004658848049087461,2023-12-19T16:38:47,22.766950575371
383,2024-01-31T19:34:00,GXC,0.27095423842992,2024-01-31T18:00:02,0.271060065465361
384,2024-01-31T19:34:00,CRM,4.6430394363883564e-05,2024-01-30T00:00:18,0.000409484553044619
385,2024-01-31T19:34:00,BBP,1.2930179245105376e-05,2024-01-03T03:00:00,0.000543662303309052
386,2024-01-31T19:34:00,BUZZ,1.4052586230605552e-05,2024-01-29T17:00:15,2.67239090003484e-06
387,2024-01-31T19:34:00,ATB,0.00043054187617959085,2023-12-10T00:00:12,0.000580353975033903
388,2024-01-31T19:35:00,SEND,0.00025832337233379447,2024-01-28T00:00:00,0.000252751277786391
389,2024-01-31T19:35:00,TAU,0.0013828396359432918,2023-10-28T00:00:00,0.00361002188071435
390,2024-01-31T19:35:00,IC,0.006544192099122793,2024-01-25T00:00:00,0.00609776988160026
391,2024-01-31T19:35:00,INT,0.0003135668554704708,2023-10-28T07:00:03,0.000315997972565336
392,2024-01-31T19:34:00,BTW,0.0015501913945673129,2023-12-13T08:00:02,0.00132472136615485
393,2024-01-31T19:34:00,TUBE,0.0015961803616847952,2023-12-05T00:00:00,0.00193199869881697
394,2024-01-31T19:34:00,SPD,0.0040531344525992314,2023-10-25T00:00:01,0.00319151315807032
395,2024-01-31T19:34:00,PGN,1.662464447599085e-05,2023-11-18T00:00:00,3.66426772001064e-05
396,2024-01-31T19:34:00,KLKS,0.000422539127709378,2023-11-02T01:00:01,0.000221838966080216
397,2024-01-31T19:34:00,ARO,0.00023438802743333022,2024-01-29T00:00:01,4.51524887403756e-05
398,2024-01-31T19:35:00,XDNA,0.0009041318031682805,2023-11-22T00:00:00,0.00100036679779046
399,2024-01-31T19:35:00,XAP,0.00038748505850069167,2023-12-19T16:38:47,0.000382280886526752
400,2024-01-31T19:35:00,XBI,0.0027684088227934605,2024-01-30T01:00:00,0.000734461704438809
401,2024-01-31T19:34:00,VEO,0.3020122583251369,2023-12-10T00:00:03,0.306120448206121
402,2024-01-31T19:34:00,KTS,0.0012935535487018823,2023-12-13T00:00:01,0.00124452916297883
403,2024-01-31T19:34:00,ZOC,0.000517421419480753,2024-01-30T01:00:00,0.000518443556074453
404,2024-01-31T19:34:00,UNW,0.0029019251937451914,2024-01-28T01:00:00,0.000810104281432792
405,2024-01-31T19:35:00,REDLC,0.0650095252777658,2024-01-18T00:00:17,0.0819204269195571
