low,high,open,close,volume,macd,macd_hist,macd_signal,adx,bb_upper,bb_middle,bb_lower,bb_width,bb_percent,rsi,atr,ema_short,ema_long
0.1401,0.14562,0.14381,0.14212,1548108361.0,,,,,,,,,,,,,
0.14213,0.14546,0.14213,0.14362,764746689.0,,,,,,,,,,,,,
0.1324,0.14528,0.14362,0.13561,2867613428.0,,,,,,,,,,,,,
0.126,0.13618,0.1356,0.13284,2998615191.0,,,,,,,,,,,,,
0.12531,0.13292,0.13285,0.13058,3184190024.0,,,,,,,,,,,,,
0.12863,0.13471,0.13057,0.13431,2433156582.0,,,,,,,,,,,,,
0.1326,0.13657,0.13433,0.1344,1871802345.0,,,,,,,,,,,,,
0.1266,0.13489,0.1344,0.12887,1941380888.0,,,,,,,,,,,,,
0.12584,0.13188,0.12887,0.12762,2021061926.0,,,,,,,,,,,,0.13444111111111112,
0.12252,0.13495,0.12762,0.13346,2507165869.0,,,,,,,,,,,,0.1342448888888889,
0.13184,0.13608,0.13346,0.13449,1781818627.0,,,,,,,,,,,,0.13429391111111114,
0.13131,0.13624,0.13449,0.13241,1600445675.0,,,,,,,,,,,,0.1339171288888889,
0.12679,0.15046,0.13242,0.14616,4432863031.0,,,,,,,,,,,,0.13636570311111113,
0.1442,0.15345,0.14616,0.15223,2945491093.0,,,,,,,,,,,,0.1395385624888889,
0.1493,0.15388,0.15222,0.15034,1673188542.0,,,,,,,,,,65.21327845462602,0.0086379025571205,0.14169884999111113,
0.14675,0.15463,0.15034,0.15388,1674093315.0,,,,,,,,,,68.37975264290691,0.008557220044368354,0.1441350799928889,
0.15064,0.158,0.15389,0.15159,1470065894.0,,,,,,,,,,64.30215046649262,0.008434083039665538,0.14562606399431113,
0.15156,0.15741,0.1516,0.15711,1887124119.0,,,,,,,,,,69.08736708584271,0.008176401151911365,0.1479228511954489,
0.14847,0.16038,0.15711,0.15136,2921612625.0,,,,,,,,,,60.05643553697116,0.008538468478689457,0.14861028095635911,
0.14922,0.15714,0.15136,0.15549,1634863707.0,,,,,,,,,,63.72432547528077,0.008479986272716084,0.1499862247650873,
0.15161,0.15968,0.15549,0.1578,1823752428.0,,,,,0.16292778886327908,0.14220850000000002,0.12148921113672095,29.139311452239575,0.8762556741904618,65.6256264945435,0.008442094564418978,0.15154897981206986,
0.15536,0.16493,0.1578,0.16332,1914333500.0,,,,,0.16586834621778063,0.1431935,0.12051865378221938,31.670217178545986,0.943806758526496,69.71100275797144,0.008544194309297233,0.1539031838496559,
0.15506,0.16519,0.16332,0.156,2216574058.0,,,,,0.1672627402154558,0.144213,0.12116325978454422,31.96624467344247,0.7556861788857888,59.59589920309714,0.008685054454327072,0.15432254707972473,
0.14533,0.15688,0.15601,0.14985,3238685905.0,,,,,0.16762194079274984,0.14506349999999998,0.12250505920725013,31.101470449492606,0.6060911089550652,52.67979120354117,0.008935183464906874,0.1534280376637798,
0.14785,0.15306,0.14985,0.15219,1459418201.0,,,,,0.1678791414994244,0.146144,0.1244088585005756,29.744829071907706,0.6390835205779567,54.827828334997456,0.008615033292911451,0.15318043013102384,
0.14816,0.15336,0.15217,0.15304,1184186206.0,,,,,0.1683033767842628,0.1470805,0.1258576232157372,28.85885863083522,0.6404027375878444,55.61597950352007,0.008325736804085977,0.15315234410481907,0.14464192307692308
0.15174,0.16504,0.15305,0.15874,2705204615.0,0.007484695373751182,,,,0.1692621348644569,0.14829750000000003,0.12733286513554315,28.273753589179687,0.7490503666654367,60.5826626169594,0.008741595480162005,0.15426987528385525,0.14568622507122508
0.1582,0.16399,0.15874,0.16139,1612190093.0,0.007585926564130485,,,13.60571183620066,0.16961455306985898,0.14992350000000002,0.13023244693014105,26.26813417490782,0.7911601517531769,62.67392186420081,0.008497803798872362,0.1556939002270842,0.14684946765854173
0.16128,0.16523,0.16138,0.16372,1619428868.0,0.007764658390619905,,,14.84206938913379,0.16942835680733045,0.1517285,0.13402864319266952,23.33095866278315,0.8387456782993207,64.4593433931123,0.008126319513699763,0.15729912018166736,0.14809913672087197
0.16311,0.16882,0.16371,0.16677,2157680829.0,0.008059509156209954,,,16.615868292654994,0.1701478382468019,0.15339399999999997,0.13664016175319804,21.84418979464899,0.8991921075922203,66.70448018881527,0.007930947768912563,0.1591932961453339,0.149482163630437
0.16555,0.17511,0.16677,0.1699,2584267204.0,0.00844835794228524,,,19.159038030649302,0.17101283678970772,0.15516449999999998,0.13931616321029225,20.427787012760955,0.9648910543587633,68.87730044993901,0.008061434902371085,0.16133463691626712,0.15099459595410833
0.16111,0.17023,0.16991,0.16202,1430496912.0,0.008028129977617315,,,19.994317996587537,0.1688207291362778,0.156645,0.14446927086372222,15.545633931855841,0.7207260008760004,58.52278963973869,0.00814549705747722,0.1614717095330137,0.1518112925501003
0.16128,0.17209,0.16202,0.16892,2545613364.0,0.008157830233474439,,,21.027307440879746,0.1700800030495241,0.157783,0.14548599695047593,15.587234428961397,0.9528339122608823,63.67264262882292,0.008355413284581543,0.16296136762641097,0.15307860421305586
0.16771,0.17437,0.16893,0.17408,2155766915.0,0.008578104448365653,0.0006199211666531937,0.00795818328171246,22.288640193926486,0.17278209336430042,0.1588755,0.14496890663569958,17.506278015553587,1.0466651537763174,66.9749263342028,0.008222819458914626,0.1651850941011288,0.1546342631602369
0.17128,0.17519,0.17408,0.17223,1566126932.0,0.008662044594524132,0.0005630890502493369,0.008098955544274795,23.531828630148528,0.17445099444099074,0.15997,0.14548900555900926,18.1046376708017,0.9233134695948825,64.70392236181624,0.007887796219549197,0.16659407528090306,0.15593765107429342
0.17006,0.1751,0.17223,0.17502,1774461785.0,0.008851661009952827,0.0006021643725424245,0.008249496637410402,24.254776909904574,0.17661908401721862,0.16102699999999998,0.14543491598278133,19.365800787717156,0.9487212865370429,66.54625300458197,0.007667951665501894,0.16827926022472245,0.15735115840212355
0.1692,0.17738,0.17502,0.17405,2549875119.0,0.008821968332468733,0.0004579773560466644,0.008363990976422068,25.263106532459624,0.1780929257038978,0.16215,0.1462070742961022,19.664416532713904,0.8732062803595283,65.27066224926722,0.007707254083663218,0.16943340817977798,0.1585881096315959
0.17324,0.18036,0.17405,0.1766,1642980605.0,0.008901588390480136,0.00043007793124645415,0.008471510459233682,26.601909617688996,0.18006729962107815,0.1631245,0.14618170037892186,20.77284481617187,0.897676307970834,67.05832879910228,0.0076624180553344825,0.1708667265438224,0.15992232373295917
0.17131,0.17758,0.1766,0.17264,1397782633.0,0.008546628739173057,6.009462395149996e-05,0.008486534115221557,27.189091335586653,0.18070995063243556,0.16418850000000001,0.14766704936756447,20.124979072755448,0.7557735451936547,61.74314318455662,0.007556629366942374,0.17122138123505792,0.16086437382681404
0.17135,0.17584,0.17264,0.17147,1119304275.0,0.008077795636420526,-0.0003269907830408241,0.00840478641946135,27.719485545993123,0.18129320436994384,0.1649875,0.14868179563005618,19.765987568687116,0.6987801278903701,60.224300366000215,0.007324697220240002,0.17127110498804635,0.16164997576556855
0.17011,0.17338,0.17147,0.17069,994982458.0,0.007556199380572587,-0.000678869631111011,0.008235069011683598,27.789144802817187,0.18176848487124767,0.165632,0.14949551512875234,19.484743130853534,0.6567255830609199,59.17913233983863,0.0070193198622869185,0.17115488399043707,0.16231960719034125
0.17041,0.1873,0.17068,0.18307,3804357177.0,0.00804900915869089,-0.00014884788239416698,0.008197857041085057,29.663300858289368,0.1844024474216173,0.1666195,0.1488365525783827,21.3455777044311,0.9625358105710436,68.51788674296765,0.007759847259070758,0.17353790719234966,0.16385667332439005
0.17864,0.18475,0.18308,0.18049,1843943908.0,0.008137575119795654,-4.822553703152238e-05,0.008185800656827176,31.366896087289803,0.1859038730892552,0.167844,0.14978412691074477,21.519831616566833,0.8501132022772574,65.17170481704977,0.007636514178951744,0.17492832575387973,0.16508877159665744
0.1748,0.18177,0.18048,0.17539,1355016811.0,0.007707390899922811,-0.00038272780552349277,0.008090118705446304,31.827600249928434,0.18543871172683246,0.16912100000000002,0.15280328827316758,19.297085195608396,0.692091884724602,59.03429499638065,0.007586854568655946,0.17502066060310378,0.16585182555246059
0.17494,0.17894,0.17539,0.17737,1002723128.0,0.007440467184638672,-0.0005197212166461063,0.007960188401284778,32.247758609039984,0.18508390560361446,0.17038,0.15567609439638555,17.260131005534046,0.7376919503033855,60.58616188921875,0.007320430763552682,0.17549052848248303,0.16670502365968573
0.17701,0.1833,0.17737,0.1794,1230968473.0,0.0073084845907877005,-0.000521363048397663,0.007829847639185364,33.158069822467105,0.1845585328038929,0.17169800000000002,0.15883746719610714,14.980410725684488,0.7994432702534919,62.16851342499383,0.007244110051609403,0.17627242278598643,0.1676453922774868
0.17797,0.1875,0.1794,0.18393,2342748824.0,0.007483159372348475,-0.0002773506134695113,0.007760509985817986,34.42705454371548,0.1854230667741184,0.1729575,0.16049193322588157,14.414601013680725,0.9401123590618291,65.49735748010673,0.0074129731113659805,0.17780393822878915,0.16885165951619147
0.1738,0.1864,0.18393,0.17863,3411877453.0,0.007111942641407798,-0.0005188538755281505,0.0076307965169359485,34.47490945898931,0.185312637909205,0.1738195,0.16232636209079498,13.224221573764744,0.7092770502713289,58.96057403731492,0.007795214755863584,0.17796915058303134,0.16957598103351063
0.17497,0.18023,0.17864,0.17636,1556449327.0,0.0065589729218228365,-0.0008574588760904903,0.007416431797913327,34.51877272356739,0.18500542680474927,0.1744515,0.16389757319525075,12.099554093543773,0.5904165831025641,56.36585071205889,0.007608811955033275,0.17764732046642506,0.1700785009569543
0.17636,0.1842,0.17636,0.18245,1203954027.0,0.006536800373181384,-0.0007037051397855544,0.007240505512966938,35.03684903051531,0.18571981490370285,0.17523550000000002,0.1647511850962972,11.965971397008971,0.8440615846750265,61.287962786531644,0.007625774591068526,0.17860785637314006,0.1709949082934762
0.18118,0.1875,0.18244,0.18442,1875859616.0,0.006602086263867629,-0.0005107353992794481,0.007112821663147077,35.866928761482775,0.186869756093437,0.17596150000000002,0.16505324390656304,12.398457723350829,0.8877109194882711,62.75170630459303,0.007530153618158995,0.17977028509851206,0.17198935953099648
0.18282,0.19,0.18443,0.18306,2343926253.0,0.006469508699432414,-0.0005146503709717318,0.006984159070404145,36.87875149807131,0.1862745955615416,0.1770135,0.16775240443845837,10.463716678718422,0.8264462589668765,61.0359252951248,0.007504558200815808,0.18042822807880965,0.1728094069731449
0.17962,0.1872,0.18307,0.18677,1819607628.0,0.006587865209354338,-0.0003170350888398463,0.006904900298194184,36.940147676908644,0.18731443111257165,0.177906,0.16849756888742837,10.57685644393291,0.9710668491878426,63.93303907151278,0.007510063632190875,0.18169658246304773,0.17384352497513417
0.17823,0.19156,0.18677,0.18785,5248917608.0,0.0066916731278475194,-0.00017058173627733202,0.0068622548641248515,37.473307596387805,0.18876659019818476,0.17859450000000002,0.16842240980181528,11.39126926997723,0.9549458282257299,64.75459700502431,0.007934122438236475,0.1829272659704382,0.17488104164364274
0.18111,0.19185,0.18785,0.18295,2691950794.0,0.006305862544013441,-0.00044511385608912886,0.00675097640010257,37.99473943709662,0.18903074944130233,0.17913050000000003,0.16923025055869773,11.053672536281983,0.6928991800987163,58.269359350990214,0.00813827460311741,0.18293181277635057,0.17547874226263216
0.18279,0.19229,0.18295,0.1907,2090232144.0,0.006549961231391149,-0.00016081213496913632,0.006710773366360286,38.523784197223335,0.19082081647257715,0.17991450000000003,0.16900818352742292,12.123888260898497,0.99446116968635,64.35066736498763,0.00823722043458937,0.18448545022108045,0.1766062428357705
0.1894,0.20686,0.19071,0.19491,4837604925.0,0.007002403664733897,0.00023330423869888893,0.006769099426035008,40.213881831680915,0.19331431492133017,0.1809575,0.16860068507866982,13.65714592799986,1.0645670056899283,67.15111619893271,0.008906541367491,0.18657036017686437,0.1779620766997875
0.19479,0.20169,0.19491,0.2002,1627799002.0,0.007699076184706305,0.0007439814069370373,0.006955094777769268,41.77325670062735,0.19688126054471888,0.1821375,0.16739373945528113,16.189703432537367,1.1125472516056922,70.3074438767889,0.008761087878554901,0.18929628814149152,0.17960933027758103
0.1984,0.22094,0.20021,0.21741,4403525468.0,0.009530040966055559,0.002059956950629032,0.0074700840154265265,44.10456918081488,0.2050671646844737,0.184376,0.16368483531552633,22.44453148400408,1.2982634255670529,77.78574696746983,0.009758857731157942,0.19491903051319323,0.1824093798866491
0.21299,0.22575,0.21741,0.21763,5595817821.0,0.010873502934735962,0.0027227351354475477,0.008150767799288415,46.40986662937166,0.21106984786305397,0.18668400000000002,0.16229815213694607,26.125268221222974,1.1345073620935087,77.8625026420741,0.009975965212146559,0.19946122441055458,0.18501831470986027
0.21581,0.2293,0.21764,0.22738,3470401681.0,0.012579936067636743,0.0035433346146786626,0.00903660145295808,48.64470227795111,0.21854612978611954,0.1895185,0.16049087021388048,30.63303032275955,1.1521631335208886,80.99637837597847,0.01022994427254192,0.20504497952844367,0.1881562173239447
0.21603,0.22742,0.22738,0.22022,2574784569.0,0.013202355917429215,0.0033326035715769073,0.009869752345852308,50.710173984550785,0.2231407895632887,0.191376,0.15961121043671128,33.19621014472944,0.954024729843255,72.84136943963159,0.010313717065183983,0.20807998362275495,0.19053131233698584
0.21135,0.22506,0.22022,0.2182,3091823370.0,0.013378412997267441,0.0028069285211321064,0.010571484476135335,51.567971426968874,0.2266529032499387,0.1932615,0.1598700967500613,34.55567016704175,0.8734269538379731,70.67927839391571,0.010558785192728582,0.21010398689820398,0.19258084475646836
0.20857,0.21827,0.2182,0.20974,2190944580.0,0.01268901711398096,0.0016940261102764993,0.010994991003704461,51.77465233404199,0.2280488756574623,0.19497899999999999,0.16190912434253768,33.92147426898518,0.7231789461940291,62.33427588048393,0.010496862340040334,0.2100311895185632,0.19385189329302627
0.20929,0.21784,0.20974,0.21386,1829704050.0,0.012332948919223957,0.0010703663324155965,0.01126258258680836,51.96585383679925,0.22981235534216565,0.1968035,0.16379464465783433,33.544988114709,0.7583624882352699,64.530615774747,0.010356578415163487,0.21079695161485057,0.19533397527132063
0.20804,0.21863,0.21389,0.20892,2451381329.0,0.011519357610861924,0.00020542001924284993,0.011313937591619075,51.86023134948993,0.23067789161131333,0.1982795,0.16588110838868667,32.67951715766212,0.664213398733726,60.011996789833084,0.010373387384809188,0.21042156129188047,0.19634034747344503
0.20877,0.21865,0.20894,0.21431,1709131933.0,0.01118062530247732,-0.00010664983131340386,0.011287275133790724,51.76402530701076,0.23221207880580327,0.19979850000000002,0.16738492119419676,32.446268421237654,0.7238490863187541,63.05202138052409,0.01033787865318104,0.2111992490335044,0.19767143284578242
0.20953,0.21509,0.21431,0.21319,1018108814.0,0.010698477479070823,-0.0004710381237759218,0.011169515602846744,51.674956912564305,0.23291027815050347,0.2015265,0.17014272184949653,31.146055879006955,0.6858205207809386,61.99730872642197,0.009994204023320302,0.21159739922680354,0.19882095633868743
0.21061,0.21717,0.21318,0.21218,1351376194.0,0.010118236563534999,-0.0008410232314493976,0.010959259794984397,51.77044032176867,0.23278171006916729,0.20331749999999998,0.17385328993083268,28.983447139736917,0.6503943255087322,61.006254228059134,0.009747304317483812,0.21171391938144285,0.1998105151284143
0.20529,0.21489,0.21218,0.20627,1622284150.0,0.00907687132699228,-0.0015059107743936942,0.010582782101385975,50.52627651723458,0.23238534865618815,0.20450849999999998,0.1766316513438118,27.262288517287228,0.5315943172365899,55.42325557644176,0.0097367189061611,0.2106251355051543,0.2002889954892725
0.20608,0.21121,0.20627,0.21108,849755882.0,0.00854125045702872,-0.0016332253154858044,0.010174475772514525,49.37372342706685,0.23226002552660763,0.20584149999999996,0.17942297447339228,25.668803935656975,0.5991444430674988,58.73330959555751,0.009405819272802101,0.21071610840412344,0.2010883291567338
0.20301,0.21124,0.21108,0.20398,1410855950.0,0.00745788652236179,-0.002173271400122188,0.009631157922483978,47.58099107319805,0.23118679453708524,0.20688749999999997,0.1825882054629147,23.490345755142545,0.440173160262686,52.5324442831698,0.00932139429855228,0.20936888672329876,0.20130252699697573
0.19618,0.20494,0.20398,0.20124,2090406957.0,0.006305531456484714,-0.002660501172799411,0.008966032629284125,44.55657217345086,0.23027811265247566,0.207611,0.18494388734752432,21.836138405456044,0.35946600041924276,50.32432426990262,0.009281100644267612,0.20774310937863902,0.20129789536757012
0.19832,0.20228,0.20124,0.19929,795572837.0,0.005175275704512816,-0.0030326055398170477,0.008207881244329864,41.75350394946103,0.229354623556072,0.208183,0.187011376443928,20.339435550522367,0.28997831752375197,48.75370324472456,0.008899314615543146,0.20605248750291122,0.20114916237737973
0.19926,0.20554,0.19929,0.20179,1171806546.0,0.004430200392232686,-0.003022144681677743,0.007452345073910429,39.680797941339804,0.2271672121703527,0.209125,0.1910827878296473,17.25495485508926,0.29672670039727683,50.87071831597234,0.008711440524534639,0.205199990002329,0.20119663183090716
0.20157,0.20761,0.2018,0.20707,933466292.0,0.004217161895235633,-0.0025881465429398376,0.00680530843817547,38.07402865888569,0.22593694024905286,0.2099435,0.19395005975094715,15.235947051518965,0.41016629457911125,55.09039605705449,0.008519884684956658,0.20557399200186321,0.20163169613972887
0.20553,0.20855,0.20707,0.20701,676419040.0,0.003997406242087109,-0.0022463217568706893,0.0062437279989577986,36.72688300540882,0.2250690334268416,0.21054849999999997,0.19602796657315835,13.793053312506736,0.37815530270193265,55.03255176202689,0.008125624062465316,0.20586119360149058,0.20203008901826747
0.206,0.21419,0.20702,0.21265,1538501904.0,0.004229593052388542,-0.0016113079572554062,0.005840901009643948,36.25601550429855,0.22491002602079294,0.211171,0.19743197397920706,13.01222802448531,0.5538247761435803,59.35297181803742,0.00813023768357461,0.20721895488119246,0.2028167490909884
0.21022,0.22478,0.21264,0.2225,2054572258.0,0.005149060290631696,-0.0005534725752098018,0.005702532865841498,36.891032931315046,0.22579164001741683,0.2114255,0.19705935998258314,13.58978932760414,0.8854375631371336,65.5739264265812,0.00859092876398978,0.210275163904954,0.2042747676768411
0.21778,0.2238,0.2225,0.22024,1322098833.0,0.005630476955458874,-5.764472830609938e-05,0.0056881216837649734,37.47997884829818,0.2261901305173907,0.211556,0.19692186948260929,13.83475818921771,0.7967036541624466,63.18448931000851,0.008406763013420035,0.2122681311239632,0.20545737747855658
0.2145,0.22032,0.22023,0.21613,1171851065.0,0.005615627026700015,-5.7995725651967256e-05,0.0056736227523519825,37.28396641027613,0.22391621840597115,0.2109935,0.19807078159402886,12.249399536925209,0.6987391444522457,58.97571446167057,0.00822150103975137,0.21304050489917056,0.2062479421097746
0.1964,0.2175,0.21614,0.20713,3229636404.0,0.004822047999590351,-0.000681259802209306,0.005503307801799657,34.9833192332942,0.22263708261478288,0.210339,0.19804091738521712,11.693582849383974,0.36953250760640444,50.96928110783983,0.009143673391635973,0.21185840391933647,0.20631327973127278
0.20194,0.20803,0.20712,0.20571,1564809823.0,0.004032069582343867,-0.0011769905755646326,0.005209060157908499,32.8490694706217,0.22161447054618305,0.20971450000000003,0.197814529453817,11.348734156372615,0.33174328102499023,49.820067623775216,0.008925052043007402,0.21062872313546918,0.2062685923437711
0.1972,0.21151,0.20571,0.19939,3014076270.0,0.002863031567893276,-0.0018768228720121788,0.004739854439905455,31.43217610667153,0.2219193034077962,0.209197,0.1964746965922038,12.162988386827923,0.1145745119555052,44.96111469268352,0.009310512765730469,0.20838097850837536,0.20575906698497323
0.19862,0.20678,0.19937,0.20638,1653516375.0,0.0024720982908406075,-0.0018142049192518784,0.004286303210092486,30.117585322915826,0.22141410336706135,0.20882300000000004,0.19623189663293872,12.059115487337426,0.4029870564643689,50.689385896443106,0.009228170311436313,0.20798078280670032,0.20580506202312338
0.20338,0.20677,0.20638,0.20513,767045906.0,0.002037924375305422,-0.0017987030678296512,0.0038366274431350733,28.89783768624117,0.22132672697346983,0.2086335,0.19594027302653017,12.16796628870228,0.3619933289098717,49.69336181070265,0.008810390343827617,0.20741062624536027,0.20575505742881794
0.18617,0.20544,0.20513,0.18874,3409042470.0,0.00036707102979716133,-0.00277564513067033,0.003142716160467491,29.467186306548385,0.2224309908463763,0.207355,0.19227900915362373,14.541236860819643,-0.11737235680513769,38.90001360740339,0.009558782482617531,0.20367650099628823,0.20449468280446106
0.185,0.1918,0.18873,0.18688,1643199986.0,-0.0010945613181628233,-0.003389821982904252,0.0022952606647414285,30.084269350051517,0.223284760769267,0.2060395,0.18879423923073296,16.739761811950643,-0.055500443175216005,37.894128434507735,0.009361413831350855,0.20031720079703058,0.2031898914856121
0.18003,0.18795,0.18688,0.18453,2975591035.0,-0.0024147056213432994,-0.0037679730288677823,0.001353267407524483,31.02213772913078,0.2240153151126336,0.204657,0.18529868488736642,18.917813817884152,-0.019854126841461643,36.606196644301505,0.009258303978725064,0.19715976063762447,0.20180767730149268
0.18062,0.19057,0.18453,0.18154,2821279571.0,-0.0036600072193183897,-0.004010619701474298,0.00035061248215590844,31.434713674215295,0.22521470608785776,0.2034205,0.18162629391214224,21.42773819537142,-0.0019797443365077425,34.97729389632303,0.009307778437003339,0.19403580851009958,0.2003063678717525
0.18081,0.18929,0.18156,0.18663,1715760012.0,-0.0041879214944348375,-0.003630827181272597,-0.0005570943131622408,31.817615724773706,0.2248620681255598,0.20219800000000002,0.17953393187444022,22.417697628621244,0.15654886153375647,39.88161743313139,0.009248576292645928,0.19255464680807968,0.199293303584956
0.181,0.1878,0.18663,0.1826,1110987395.0,-0.004875285425145065,-0.0034545528895862593,-0.0014207325355588057,32.17299170786335,0.22532135738823342,0.20112899999999997,0.17693664261176653,24.05655811765926,0.1170484814139691,37.471766458195965,0.009073471689758427,0.19056371744646375,0.19805676257866298
0.17095,0.1871,0.18259,0.18621,3251111099.0,-0.005070282403050297,-0.0029196398939931928,-0.002150642509057104,33.30028911610489,0.22542792903824233,0.20037750000000001,0.1753270709617577,25.003235431365606,0.21722041210608134,40.915861818932626,0.009579491572942751,0.189692973957171,0.19717922460987314
0.18288,0.18735,0.18621,0.18461,1141025187.0,-0.005292912144679168,-0.002513815708497651,-0.002779096436181517,34.29688428727495,0.22562147626837034,0.1996435,0.17366552373162966,26.024364698445314,0.2106491313123543,39.86772512020508,0.009214156768190764,0.18867637916573682,0.19624817093506772
0.18127,0.18765,0.1846,0.18343,1496853173.0,-0.005501150122939058,-0.0021776429494060326,-0.0033235071735330255,35.34111772840168,0.22561673238157767,0.1987255,0.17183426761842233,27.06369578295455,0.21560433186992112,39.07276188751702,0.009011525861732773,0.18762710333258947,0.19529867679172938
0.17719,0.18499,0.18344,0.179,2434436473.0,-0.005954998680003765,-0.002105193205176591,-0.0038498054748271737,36.600415995777006,0.2252352954700804,0.197322,0.1694087045299196,28.292127051297264,0.17180514354460716,36.15779312227589,0.008924912435383627,0.1859016826660716,0.19409136739974941
0.17403,0.18143,0.179,0.17571,1716024222.0,-0.006505164943458985,-0.0021242875749054486,-0.004380877368553537,37.97824806943843,0.22480866783508324,0.19575700000000001,0.1667053321649168,29.68135784169478,0.15497677940901292,34.12183416956642,0.008815901455934704,0.1838633461328573,0.1927297846293976
0.17019,0.17694,0.17572,0.17535,1303842995.0,-0.00689079190265085,-0.0020079316272778504,-0.004882860275373,39.49439040743037,0.2231546202517821,0.193892,0.16462937974821792,30.184453460464674,0.18317943095217523,33.896919068784726,0.008668225535275444,0.18216067690628585,0.19144239317536815
0.17334,0.18071,0.17533,0.17434,1445383077.0,-0.007194963544152749,-0.0018496826150237993,-0.00534528092912895,40.06455745984385,0.21879479815750547,0.191484,0.1641732018424945,28.52541012043354,0.18613147259322177,33.23502899920774,0.00857543006285478,0.1805965415250287,0.190175549236452
0.172,0.18116,0.17434,0.17924,1210313690.0,-0.006960397581863287,-0.0012920933221874696,-0.005668304259675817,40.69673478167942,0.2137993708364967,0.189434,0.1650686291635033,25.724390380287282,0.2908096685987954,39.41582263697557,0.008617212267058971,0.18032523322002297,0.18936550855227036
0.17856,0.18268,0.17925,0.18185,1014973781.0,-0.006489094932413009,-0.0006566325381897531,-0.005832462394223256,40.93898397263366,0.2089541291321307,0.18772,0.16648587086786928,22.623193194258167,0.36177912069118684,42.470833585288936,0.008295788458151791,0.1806301865760184,0.18880880421506516
0.181,0.18846,0.18185,0.18326,2012842138.0,-0.005933412287602524,-8.075991470341427e-05,-0.00585265237289911,39.9581437048457,0.20586090381806485,0.18652649999999998,0.16719209618193512,20.730999421599467,0.41552622902838193,44.11046907159094,0.008236055742864666,0.18115614926081472,0.18839778168061588
0.18186,0.18827,0.18326,0.18248,1424045268.0,-0.005492653380271217,0.00028799919410231467,-0.005780652574373532,39.04756254536142,0.2026304666893195,0.185365,0.1680995333106805,18.6286156386799,0.4164517226231517,43.37400939903544,0.008105555148160696,0.1814209194086518,0.18795942748205174
0.17534,0.18267,0.18248,0.18006,1466810888.0,-0.005277783542558395,0.00040229522545210967,-0.005680078768010505,38.893009344760536,0.20054310687040722,0.1843985,0.16825389312959277,17.51056203863613,0.36563624513049037,41.08226029120185,0.008050131518656837,0.18114873552692146,0.18737428470560347
0.17407,0.18096,0.18006,0.17692,1030178378.0,-0.005299776877198681,0.0003042415126494596,-0.00560401838984814,38.87178442160976,0.19582967525454453,0.18292550000000002,0.1700213247454555,14.108667467952268,0.26730399729013893,38.257672895646195,0.007967227710922124,0.18030298842153716,0.18659989324592913
0.1713,0.17743,0.17692,0.17432,1108713029.0,-0.005464019212005761,0.00011199934227390431,-0.005576018554279665,39.11474170336891,0.18994234421418218,0.181385,0.1728276557858178,9.43555885457143,0.08719669191925956,36.04760562424215,0.007835942354592881,0.17910639073722973,0.18569027152400844
0.16851,0.17654,0.17431,0.16918,1406681479.0,-0.005940459568769096,-0.00029155281159154445,-0.005648906757177552,39.59183255418274,0.18980781932599478,0.18040699999999998,0.1710061806740052,10.421789981535962,-0.0971288039200748,32.0997355412493,0.007849808990179563,0.17712111258978377,0.18446728844815596
0.16749,0.17695,0.16918,0.17647,1944221408.0,-0.005664503044082003,-1.2477029523561e-05,-0.005652026014558442,40.125587709805565,0.18894253505956093,0.1798865,0.17083046494043908,10.068609995259154,0.3113688839801344,41.83019082457791,0.00796486404749149,0.17699089007182703,0.1838748967112555
0.174,0.17927,0.17646,0.17682,1039242769.0,-0.005355824820534205,0.00023696095521939017,-0.005592785775753595,40.0505592614999,0.18838838409207098,0.179501,0.170613615907929,9.902322652320587,0.34916821574123913,42.258027988471305,0.0077723093995458,0.17695671205746163,0.18335231176968103
0.17673,0.17998,0.17682,0.17733,583146881.0,-0.00501226410612457,0.0004644173357032204,-0.00547668144182779,39.80618923704712,0.18817416472802728,0.1792905,0.1704068352719727,9.909799713902624,0.38965702443639194,42.916861266647295,0.007449187014444413,0.1770313696459693,0.1829062146015565
0.17653,0.18203,0.17733,0.18098,1070071119.0,-0.004394804696189691,0.0008655013965104793,-0.005260306092700171,39.07328130975641,0.1872782783508172,0.179008,0.1707377216491828,9.240121503862621,0.6192221057351198,47.53103345963423,0.007309919234426702,0.17782109571677546,0.18276353203847825
0.18026,0.18573,0.18098,0.18455,1029608390.0,-0.003576170632039133,0.001347308368528831,-0.004923479000567964,37.5455694632943,0.18758616854675947,0.17910549999999997,0.17062483145324048,9.47002581915072,0.8209947405667911,51.64785230545962,0.007178461252674736,0.17916687657342037,0.18289586299859098
0.18224,0.18618,0.18455,0.18271,1114989921.0,-0.0030408172127526223,0.0015061294302522732,-0.0045469466430048955,36.02751101929582,0.18694941133508755,0.1789305,0.17091158866491243,8.963157578040143,0.7356616654097692,49.492430277148806,0.006947085096241635,0.1798755012587363,0.18288209536906572
0.18018,0.18379,0.1827,0.18343,991933630.0,-0.00252929168809507,0.0016141239639278606,-0.0041434156520229306,34.94795334394916,0.18673831453957038,0.17887150000000002,0.17100468546042966,8.796051399547004,0.7897297233251511,50.36533037569643,0.0067086668614584856,0.18058640100698906,0.18292268089728309
0.18211,0.18504,0.18345,0.18313,618014534.0,-0.0021236316139263967,0.0016158272304772274,-0.003739458844403624,33.64493945306797,0.18668956140662743,0.17885650000000003,0.17102343859337263,8.759045834652248,0.7727860652531227,49.97775315875145,0.0064387042427840645,0.18109512080559126,0.1829380378678547
0.18239,0.188,0.18313,0.18585,822047261.0,-0.0015646257824389331,0.0017398664495717527,-0.003304492232010686,31.755382988618543,0.18760526647210257,0.179199,0.17079273352789742,9.382046185640071,0.8955977378347633,53.473644460417965,0.0063794993032886965,0.18204609664447302,0.18315373876653213
0.18556,0.19878,0.18586,0.19575,2286593663.0,-0.00031908416765599745,0.002388326451483751,-0.0027074106191397485,30.826668480258583,0.19110979443385,0.180201,0.16929220556615,12.107362815800146,1.2126818684817926,63.478201336250805,0.0068681967811654344,0.18478687731557844,0.1840867951541964
0.19316,0.19818,0.19575,0.19531,1429698549.0,0.000625304096548901,0.0026661717725509197,-0.0020408676760020187,29.96435268983138,0.19368770353559558,0.181199,0.1687102964644044,13.78451706200982,1.0649505555072438,62.83153735192343,0.006736160074401848,0.18689150185246275,0.18491814366129297
0.19263,0.19859,0.19531,0.19839,1095979461.0,0.0016037814648399429,0.002915719312673569,-0.0013119378478336264,29.048083916480174,0.1965394139550359,0.1824015,0.16826358604496408,15.50197115159241,1.0654476343132973,65.48234416938303,0.006680711236258635,0.18919120148197022,0.18591605894564164
0.19649,0.20536,0.19838,0.20012,2428025621.0,0.002490123773730757,0.003041649297251507,-0.0005515255235207497,29.13168386595658,0.199455212645766,0.18344549999999998,0.16743578735423398,17.454462110835106,1.020762001446972,66.90986385076398,0.006837112139694176,0.19137696118557618,0.18696820272744596
0.19651,0.204,0.20013,0.19704,1427959079.0,0.0029104760240158123,0.0027696012380292495,0.0001408747859865627,29.209307924728463,0.20124778439692298,0.184205,0.16716221560307704,18.504149612576175,0.876552319769923,61.99421058663579,0.0068837533931726935,0.19250956894846094,0.18771426178467218
0.19583,0.20053,0.19703,0.19902,919339078.0,0.0033645927326549085,0.0025789743573346765,0.0007856183753202319,29.11342217899924,0.20320538490698026,0.18499300000000002,0.16678061509301978,19.689809784132628,0.8850950897326981,63.83368807002393,0.006727751111098929,0.19381165515876878,0.18855172387469646
0.1956,0.20015,0.19902,0.19871,1152610854.0,0.0036573098948917693,0.00229735321565723,0.0013599566792345393,28.964707620464345,0.20492059319395575,0.18580449999999998,0.16668840680604421,20.576566438332517,0.8375558977731011,63.316978993012896,0.006572179035612548,0.19479132412701503,0.1893041887728671
0.197,0.20786,0.1987,0.20618,1746780166.0,0.00444086539356861,0.002464726971467257,0.0019761384221013535,29.821481793321926,0.20796798831954616,0.1871105,0.16625301168045387,22.294300233868377,0.9571379762473465,69.6849131220123,0.006878485646932195,0.19706905930161203,0.19055424886376582
0.20546,0.20888,0.20619,0.20706,1616272811.0,0.005074353429357387,0.0024785720058048263,0.0025957814235525603,30.728678473539258,0.2106351718796517,0.1886175,0.1665998281203483,23.346372292763608,0.9188113098606987,70.33816142264614,0.006631425728777403,0.19906724744128965,0.19177689709607945
0.20112,0.20927,0.20707,0.20305,1612548610.0,0.005192962535125134,0.002077744889258059,0.003115217645867075,30.46969002835765,0.21190118416638645,0.190054,0.16820681583361355,22.990501821994222,0.7974296344330575,63.61147305929996,0.006739905605987429,0.19986379795303175,0.19261194175562912
0.20029,0.20528,0.20306,0.20147,972844454.0,0.005100670950924646,0.0015883626440460568,0.0035123083068785894,30.031326330401196,0.21181281063600857,0.1916685,0.17152418936399141,21.019949168495167,0.7432820903406725,61.13080964558843,0.006614901341777878,0.2001850383624254,0.19326809421817512
0.20094,0.20379,0.20147,0.20277,586304292.0,0.005073939129104615,0.0012493046577808204,0.003824634471323795,29.62428826205376,0.21240838432398013,0.1929835,0.17355861567601988,20.131134862804462,0.751906262008431,62.429051183091,0.006345957828324327,0.20070203068994033,0.19397193909090288
0.19774,0.20364,0.20276,0.19939,1214472959.0,0.0047255430962928335,0.0007207268999752303,0.004004816196317603,28.4576779084393,0.2122279869728373,0.194112,0.17599601302716272,18.665499271386913,0.6456724386011572,57.08995507497246,0.006314101279156411,0.20043962455195227,0.1943732769360212
0.19589,0.20144,0.1994,0.1974,1328475254.0,0.004239984459801643,0.00018813461078723195,0.0040518498490144115,26.95045079595911,0.21154705558673648,0.1951155,0.17868394441326352,16.842901344830604,0.5695156337432847,54.15346643378234,0.00625951876841011,0.19983169964156183,0.19459747864446406
0.193,0.19758,0.1974,0.19704,1233225411.0,0.0037825241667125142,-0.00021546054584151847,0.003997984712554033,25.120415754160167,0.2110246262738007,0.1959185,0.1808123737261993,15.420826796653406,0.5371207012199107,53.61618891056576,0.006139545288356937,0.19927335971324947,0.19477840615228154
0.18668,0.19725,0.19704,0.19023,2109147625.0,0.002837761553418028,-0.0009281785273088042,0.003765940080726832,24.550185488719002,0.21064187931491557,0.1962025,0.18176312068508443,14.718853546632248,0.29318709378904784,44.60149264527189,0.0064560255768884205,0.19746468777059958,0.19444148717803847
0.186,0.19027,0.19024,0.1893,1120290908.0,0.001991035727578583,-0.0014199234825185997,0.0034109592100971826,24.128564101427646,0.2099923411546666,0.19653199999999998,0.18307165884533336,13.69786208318913,0.23135896345789522,43.5252336627839,0.006299872078815497,0.1958317502164797,0.19406063627596154
0.18703,0.19088,0.18929,0.18927,823754270.0,0.001302563519555322,-0.0016867165524334887,0.0029892800719888107,23.590440016200805,0.20935614171640318,0.196824,0.18429185828359682,12.734363407311285,0.19861496259204214,43.488777782634024,0.006124872043806399,0.19451940017318375,0.19370577432959402
0.18467,0.19198,0.18926,0.18841,1531543643.0,0.0006797141996561229,-0.0018476526978661503,0.002527366897522273,23.491332544955153,0.20863917933373094,0.19708799999999999,0.18553682066626903,11.721849461896163,0.12436735898216486,42.39260636214307,0.006209528160805979,0.193297520138547,0.1933134947496241
0.18768,0.19201,0.18841,0.19044,709893505.0,0.0003459181319327431,-0.001745159012471624,0.002091077144404367,23.391278750377086,0.2081248916834735,0.19731749999999998,0.18651010831652645,10.954316452898023,0.1818149928572991,45.86149082334199,0.006075270081842348,0.19272601611083762,0.19310064328668897
0.18612,0.19047,0.19044,0.18871,870659834.0,-5.755078872723973e-05,-0.0017189023465052856,0.001661351557778046,23.570924031006687,0.20839487001763496,0.19696550000000002,0.18553612998236507,11.605453764882624,0.13884711111538933,43.45971100643688,0.005952031332903404,0.1919228128886701,0.19277541045063792
0.1802,0.1945,0.18871,0.19335,2966338855.0,-2.8606178628376444e-06,-0.001331369740512707,0.0013285091226498693,24.62038752122374,0.2083852391444681,0.1968675,0.1853497608555319,11.701006153344865,0.34730076120496967,50.88860043272403,0.006548338045483516,0.1922082503109361,0.19281797263947956
0.191,0.20219,0.19334,0.20177,2510561925.0,0.0007117013179182563,-0.0004934462437852904,0.0012051475617035467,23.726630626990836,0.20873638764903377,0.1970365,0.18533661235096624,11.875858177580055,0.7022882672890846,60.92253100638218,0.006879897325010392,0.1941206002487489,0.1934810857772959
0.19768,0.20245,0.20178,0.1999,1362531179.0,0.001114258944893004,-7.271089344843408e-05,0.0011869698383414381,22.841945531003283,0.20871417909560414,0.19702550000000002,0.1853368209043959,11.865143441436885,0.6229608571032212,58.08421277338102,0.006729185309419913,0.19527648019899913,0.1939565609049036
0.19541,0.19993,0.1999,0.19719,908233466.0,0.0012007726532647367,1.104225193863874e-05,0.001189730401326098,22.403165074772385,0.20872189917828077,0.197033,0.18534410082171926,11.864915195201569,0.5067157735559784,54.14716030558272,0.006571381435382573,0.1956591841591993,0.19419607491194776
0.19504,0.20209,0.19719,0.20102,983431471.0,0.0015603970953991242,0.00029653335525842085,0.0012638637401407033,21.509626287503277,0.20892197637625984,0.19713299999999997,0.1853440236237401,11.960429127806977,0.6648574005045724,58.43514772638773,0.006605569466165068,0.19673134732735945,0.19470155084439608
0.19353,0.20378,0.20101,0.1943,1514763145.0,0.0012883034578075603,1.9551774133485427e-05,0.0012687516836740749,20.31228190471239,0.20874014875197147,0.1969125,0.1850848512480285,12.013100998637956,0.3895596219170557,49.66009054428389,0.006865892935934627,0.19624507786188758,0.19467180633740377
0.19017,0.19751,0.1943,0.19266,2537374596.0,0.0009296169502037988,-0.0002713077867762209,0.0012009247369800197,19.820563606444136,0.20739467238619352,0.19623649999999998,0.18507832761380644,11.372168160554784,0.3397362992695233,47.774567555169455,0.006899758572184404,0.19552806228951009,0.19452278364574424
0.18977,0.19465,0.19266,0.19351,1183817480.0,0.0007058071000845823,-0.00039609410951635003,0.0011019012096009323,19.43539136498619,0.20559523016874418,0.19555899999999998,0.1855227698312558,10.264145520016154,0.3979198381489301,48.85839083413742,0.006755486756271453,0.19512444983160807,0.19444776263494837
0.19279,0.1983,0.19351,0.19393,1080066450.0,0.000555918390161142,-0.0004367862555518323,0.0009927046457129743,18.24462448452496,0.20454767490176398,0.19510299999999997,0.18565832509823596,9.681732112539542,0.43790151528768373,49.41698473856602,0.0066665215003355385,0.19488555986528647,0.19440940984717442
0.19366,0.19865,0.19393,0.19861,750613925.0,0.0008054822967435149,-0.00014977787917556755,0.0009552601759190825,17.062462924452905,0.2040963099772288,0.19496,0.1858236900227712,9.37249689908577,0.6997524169548327,55.278613492485206,0.0065467675694842985,0.1956304478922292,0.19472056467330964
0.19687,0.20115,0.19861,0.19798,1346697985.0,0.0009415738782910243,-1.0949038102446552e-05,0.0009525229163934709,16.26140622974938,0.20325675087494566,0.19472050000000002,0.18618424912505438,8.76769613363322,0.6909210523302907,54.36531056886371,0.006384852593199853,0.19610035831378336,0.19496200432713856
0.19698,0.20151,0.19796,0.19949,981489030.0,0.00115792399057707,0.00016432085934687916,0.0009936031312301908,15.594057003253749,0.20327279542019056,0.1947255,0.18617820457980944,8.778814711160644,0.7787138952015877,56.231849212140894,0.00625236083741741,0.1967782866510267,0.19529741141401719
0.19005,0.19953,0.19948,0.1934,2270793336.0,0.0008284213835011434,-0.00013214539818323797,0.0009605667816843813,15.442974469224213,0.20299999461620044,0.1945255,0.18605100538379954,8.712990961288316,0.4335948601673299,47.74917500462434,0.006482910183754816,0.19610262932082137,0.1951568624203863
0.15305,0.19514,0.19341,0.16909,7191259031.0,-0.0013784358885212955,-0.0018712021361645416,0.000492766247643246,18.53570276210859,0.20698922014831342,0.19312800000000002,0.17926677985168663,14.35443866069487,-0.36709538347982024,28.965415110813197,0.009026311561263146,0.1907001034566571,0.1932259837225799
0.16815,0.17623,0.16908,0.17406,1928330043.0,-0.002695279211176821,-0.0025504363670560536,-0.00014484284412076738,21.40750528909534,0.20846127124729527,0.1923195,0.17617772875270474,16.78641141152641,-0.06559778106939763,34.627397854148704,0.00895871694500793,0.1873720827653257,0.19180628122461102
0.165,0.17408,0.17407,0.17307,2069474885.0,-0.0037752529914775734,-0.0029043281178854448,-0.0008709248735921287,24.2189170970242,0.20967962139160973,0.191508,0.1733363786083903,18.97740187523207,-0.007329522298799592,34.04526922744762,0.008967380131436813,0.18451166621226056,0.1904184085413065
0.17063,0.17595,0.17307,0.17129,1095237381.0,-0.0047203577710125955,-0.0030795463179363733,-0.0016408114530762222,26.479899592807207,0.21080124593748814,0.190609,0.17041675406251186,21.1870855389705,0.021623298869069905,32.971987543520555,0.00870684987747835,0.18186733296980845,0.18900148939009861
0.16873,0.17423,0.17127,0.17128,1063007894.0,-0.005407828948471499,-0.0030136139963162214,-0.0023942149521552778,28.680989305081273,0.21162822524512057,0.1897525,0.16787677475487942,23.0571141303757,0.0777854266998455,32.965699957674275,0.008477786639650008,0.17974986637584678,0.18768878647231352
0.16953,0.17363,0.17129,0.17066,1184023839.0,-0.005934276976982372,-0.002832049619861675,-0.003102227357120697,30.724849539127188,0.212161043695867,0.1887635,0.165365956304133,24.790326197455542,0.11313246733677765,32.55123987536959,0.008165084383960287,0.17793189310067745,0.18642739488177176
0.14428,0.17147,0.17065,0.15117,5034136898.0,-0.00783386700528027,-0.003785311718527659,-0.004048555286752612,33.63527785029312,0.2154523224282096,0.18688649999999998,0.15832067757179036,30.570236403602856,-0.12516141605516748,22.8329905430845,0.009524019881496168,0.17257951448054196,0.18381573600164053
0.124,0.15583,0.15116,0.15256,9736784352.0,-0.009121991762433557,-0.004058749180544756,-0.005063242581888801,36.79239521339172,0.2168887590653198,0.184847,0.15280524093468023,34.668411243157614,-0.003826895617376777,24.56278224247624,0.0111173182783608,0.16857561158443357,0.1815004962978153
0.14366,0.15464,0.15257,0.1491,2598777819.0,-0.010303263389691175,-0.004192016646241899,-0.006111246743449276,39.72399410521918,0.21681444003058292,0.18221349999999997,0.14761255996941702,37.978459368359594,0.02149421416395442,23.170450880167447,0.011107509749289961,0.16468048926754686,0.1791004595350142
0.14812,0.16002,0.14909,0.15864,1933650921.0,-0.01035031935532385,-0.003391258089499659,-0.0069590612658241915,41.63038773445214,0.2152044683773463,0.1801505,0.14509653162265368,38.916315388906845,0.19318024469518855,34.23899386920846,0.011164116627789945,0.1634723914140375,0.17758486993982794
0.15101,0.15984,0.15864,0.15223,1720884340.0,-0.010780573238878544,-0.0030572095784434814,-0.007723363660435062,43.400605137686576,0.21404677527285604,0.1779025,0.14175822472714394,40.63380252987569,0.14486077247093468,31.006691785952572,0.010997392829979708,0.16122391313123,0.17570673142576662
0.14944,0.1568,0.15223,0.15109,2234783523.0,-0.011085751372844427,-0.0026899101699274907,-0.008395841202916936,45.09541100620225,0.21171545959388532,0.175406,0.1390965404061147,41.400476145497095,0.16515612911938063,30.45601654209649,0.010737577346666055,0.15919713050498402,0.1738832698386728
0.14545,0.15696,0.15109,0.15237,3152742301.0,-0.011096409439366461,-0.0021604545891596195,-0.008935954850206842,46.79834492067646,0.2098544096181669,0.1733095,0.1367645903818331,42.17300219337877,0.2135100316462305,31.918065150762114,0.010792750730473255,0.15783170440398722,0.1722896942950674
0.14903,0.165,0.15237,0.16197,1976648152.0,-0.010212493002147383,-0.0010212305215524312,-0.009191262480594951,47.09256930038595,0.20750929920958272,0.17177499999999998,0.13604070079041725,41.60593707999737,0.3628068799881402,41.80056786787418,0.011162556348037408,0.1586593635231898,0.17152527249543278
0.15594,0.16277,0.16197,0.15763,1507673892.0,-0.009749795018546698,-0.00044682603036139655,-0.009302968988185301,47.365777050289076,0.2047603121841129,0.169981,0.1352016878158871,40.92141143317536,0.3224375465705457,39.04148608927246,0.01085308640692728,0.15845349081855184,0.17049599305132665
0.15536,0.16893,0.15764,0.16534,1862244064.0,-0.008661130843149623,0.0005134705160285431,-0.009174601359178166,46.68624416877811,0.2015821453312675,0.16855150000000002,0.13552085466873254,39.1935347134466,0.4513860542567123,45.87619529502438,0.011047152613036395,0.15983079265484149,0.17011406764011727
0.16204,0.16655,0.16534,0.1621,1192002221.0,-0.007967948018059029,0.00096532267289531,-0.008933270690954339,46.05525055042626,0.19681445984758905,0.16672599999999999,0.13663754015241092,36.09330260138079,0.42312667342508287,43.660792979354596,0.010580211019361857,0.1602846341238732,0.16952043300010858
0.15175,0.16348,0.16211,0.15439,2704749313.0,-0.007949095969705333,0.0007873397769992043,-0.008736435746704537,46.10691286057778,0.19140515616519144,0.16454649999999998,0.13768784383480853,32.64567300452025,0.3109268770274012,38.85262501806095,0.010662339150150532,0.15910570729909856,0.1683996601852857
0.1502,0.16492,0.1544,0.15895,5352501079.0,-0.007479977174331881,0.0010051668578981258,-0.008485144032230007,46.24144116310231,0.18412984518465575,0.16251949999999998,0.14090915481534422,26.594156620781835,0.417412240075312,42.860546815164454,0.010952173203328206,0.15907456583927887,0.16769968535674604
0.15611,0.1633,0.15894,0.16115,1409591105.0,-0.006851693477964271,0.0013067604434125885,-0.00815845392137686,46.36636011092179,0.17722448889994943,0.160907,0.14458951110005056,20.281888171365374,0.5074459986303635,44.742359029130874,0.010683445568483465,0.1594896526714231,0.16721452347846855
0.1536,0.16245,0.16116,0.1554,1860252565.0,-0.006740055898440206,0.0011347184183493238,-0.00787477431678953,46.63469888899844,0.17625557191401486,0.1602225,0.14418942808598512,20.013508607111827,0.3496077350035297,40.94668588400846,0.010552484728405784,0.15867172213713848,0.1663393735911746
0.15032,0.15889,0.15541,0.15723,1934012323.0,-0.006429797898545947,0.0011559811345948669,-0.007585779033140814,47.07825196018123,0.17413642734047277,0.159381,0.14462557265952722,18.515917631929497,0.42711156544751533,42.61521808552499,0.010410878232254766,0.15838337770971078,0.1656646051770135
0.14934,0.15728,0.15724,0.15579,2064401139.0,-0.0062283160137451,0.0010859704155165711,-0.007314286429261671,47.54823438527845,0.17192736778019044,0.158517,0.14510663221980954,16.919784982292683,0.3983249361725838,41.61872301767676,0.01023438641595569,0.15786470216776863,0.16493315294167918
0.1472,0.15656,0.15579,0.14783,2610753117.0,-0.006634467630909718,0.0005438550386815625,-0.007178322669591281,48.113711327139804,0.17017157716796,0.15734399999999998,0.14451642283203997,16.305136729662415,0.1291583408376011,36.533222744311466,0.010171930074488723,0.1558577617342149,0.16366625272377702
0.14617,0.15508,0.14781,0.15301,1898803026.0,-0.006463851745430044,0.0005715767393289902,-0.007035428484759034,48.70181312723309,0.16766095408698903,0.1564305,0.14520004591301097,14.358394414118766,0.34771319247176335,41.539435594156686,0.010081791985678922,0.15528820938737192,0.16287690067016392
0.15283,0.15839,0.15301,0.15594,770020031.0,-0.006022784008995197,0.0008101155806110698,-0.0068328995896062665,48.53140165423982,0.1648328094169528,0.1556945,0.14655619058304722,11.73876972783597,0.5134324626579477,44.21963296085141,0.009758806090725086,0.15541856750989755,0.1623630561760777
0.15417,0.15803,0.15595,0.15661,863055195.0,-0.005555135109976489,0.0010222115837038226,-0.0065773466936803115,48.37316257276411,0.16487077824138308,0.1559665,0.14706222175861694,11.41819331892819,0.5361343155815422,44.842365090893516,0.009337461886240779,0.15565685400791804,0.16193690386673862
0.15407,0.15866,0.15661,0.15468,903355562.0,-0.005279397253366652,0.0010383595522509281,-0.00631775680561758,48.08027919673567,0.1648617772740407,0.1560725,0.1472832227259593,11.263069758017192,0.4207841579811819,43.34133506124076,0.008998356784013265,0.15546148320633443,0.16139935543216538
0.15268,0.15847,0.15467,0.15309,1239583474.0,-0.005130036855699516,0.0009501759599344515,-0.006080212815633967,47.936152300186116,0.16458753389746977,0.15627200000000002,0.14795646610253027,10.642384940961593,0.30867133492365195,42.091312539143445,0.00876918801445763,0.15498718656506755,0.16078384762237535
0.14415,0.15393,0.15309,0.14585,2848740371.0,-0.005532104500197338,0.000438486652349304,-0.005970591152546642,48.47685821042976,0.1650194268133915,0.1556325,0.14624557318660852,12.062939056291562,-0.02107043095532544,36.87594587122259,0.00884138899573334,0.15315974925205406,0.15967763668738458
0.14423,0.15145,0.14585,0.14819,1881535338.0,-0.005597404170385678,0.0002985495857287714,-0.0058959537561144495,48.978941931555084,0.16526482453196292,0.1554305,0.14559617546803708,12.654304698193629,0.1318760898896829,39.48577358646564,0.00872557530960764,0.15216579940164324,0.1588267006364672
0.14635,0.1508,0.14818,0.14747,949968418.0,-0.005642212696369303,0.0002029928477961171,-0.00584520554416542,49.44516223797102,0.1655202749950998,0.15524949999999998,0.14497872500490017,13.23131474832424,0.12127979613458623,38.9521321887139,0.008420176616708457,0.1512266395213146,0.15798546355228443
0.14421,0.1505,0.14747,0.1494,1272977793.0,-0.005459060257224063,0.00030891622955308597,-0.005767976486777149,50.043368504744976,0.1656169705210678,0.155101,0.14458502947893218,13.560158246649362,0.22893609826223188,41.24441151962407,0.008268020932895229,0.15086131161705169,0.15734950328915226
0.1421,0.14989,0.1494,0.14249,1275190397.0,-0.005804578314791503,-2.928146241148316e-05,-0.00577529685238002,50.75651740087848,0.1654919357235299,0.15412700000000001,0.14276206427647012,14.747494888669598,-0.011969459532746536,36.02830668903423,0.008233876536538506,0.14918704929364135,0.15624879934180766
0.14079,0.15034,0.1425,0.14877,1704213034.0,-0.0055081656440560955,0.0002137049666591402,-0.005721870610715236,51.51525343850038,0.16515840874293597,0.153684,0.142209591257064,14.932470189396401,0.2858713198174507,43.07449681585879,0.008327885467866213,0.1491036394349131,0.15569481420537745
0.14487,0.1535,0.14878,0.1505,2506386709.0,-0.005075156678163023,0.0005173711460417707,-0.005592527824204794,51.289171445579505,0.16315546679634121,0.152942,0.14272853320365878,13.356000047522878,0.3804519538422155,44.875772434862974,0.008349465101285912,0.14938291154793049,0.15531001315312726
0.1468,0.15141,0.15049,0.15073,1412219649.0,-0.004659720517669469,0.0007462458452282602,-0.005405966362897729,51.07923825713912,0.16171303590923897,0.1523735,0.14303396409076102,12.258740409899323,0.4120138293823471,45.12438274031495,0.008082360175561328,0.1496523292383444,0.15497075291956228
0.14994,0.15366,0.15074,0.15215,805342133.0,-0.00416785776494466,0.0009904868783624553,-0.0051583446433071155,50.22200737028728,0.161555233964342,0.1522615,0.142967766035658,12.207595438560626,0.49400133463967294,46.72198918446877,0.00777076272158588,0.15015186339067552,0.15476180825885397
0.13874,0.15219,0.15215,0.14569,3104503333.0,-0.0042503258901324115,0.0007264150025397638,-0.004976740892672175,50.518098507380316,0.16078027166999723,0.15159850000000002,0.14241672833000282,12.113275091768323,0.17824837012082662,40.8897691438452,0.008176422888132603,0.1492594907125404,0.1540898224619018
0.14539,0.15558,0.14568,0.15194,2137648436.0,-0.0037679254082694513,0.0009670523875221796,-0.004734977795791631,49.95924848568265,0.15921474340312744,0.151138,0.14306125659687255,10.687905626814494,0.5496487234997122,47.69285255245215,0.008320249943527114,0.14979559257003233,0.1539305763536128
0.15053,0.1542,0.15195,0.15264,1244956759.0,-0.003291196536060359,0.001155025007785018,-0.004446221543845377,49.44031648936385,0.15887247610348626,0.15099999999999997,0.14312752389651368,10.427120666869264,0.60416036698249,48.40902820870209,0.007988088978440368,0.15036447405602588,0.15383497810519703
0.14961,0.15344,0.15264,0.15252,1170110155.0,-0.0028897571457419946,0.0012451715184827062,-0.004134928664224701,49.05360866035281,0.15814376412320108,0.15076450000000002,0.14338523587679897,9.789126914095899,0.6189481749596494,48.2869729800419,0.007691082411249243,0.1507955792448207,0.15373757231962687
0.15006,0.15449,0.15252,0.15409,1199278795.0,-0.0024170652342875576,0.0013742907439497146,-0.003791355978237272,48.40873923929261,0.15786179065131467,0.1506795,0.14349720934868532,9.533202129439873,0.7374242540139849,50.061050198511744,0.007458147799212739,0.15145446339585658,0.1537636780737286
0.15054,0.15715,0.15409,0.15627,1278990376.0,-0.001845274531760116,0.0015568651571817253,-0.0034021396889418413,47.10531593795633,0.15855131684338364,0.1511015,0.14365168315661636,9.860678872656644,0.8468877227894711,52.49789002761668,0.007397565776341241,0.15241757071668527,0.15394933154974869
0.15264,0.15746,0.15626,0.15559,1331183327.0,-0.0014305066077655582,0.0015773064649410268,-0.003007813072706585,45.81351147954501,0.15889431491164568,0.1512305,0.1435666850883543,10.135276827948985,0.7844210129197833,51.65123710928792,0.007213453830158511,0.15305205657334822,0.15407086254606359
0.15411,0.157,0.1556,0.15443,674340611.0,-0.0011817795264847664,0.001460826836977455,-0.0026426063634622213,44.61397903416045,0.15865984776660813,0.151155,0.1436501522333919,9.930002668265184,0.7181923006201207,50.16496664103228,0.006904635535868136,0.1533276452586786,0.15409746532042926
0.15054,0.1545,0.15443,0.15218,959870508.0,-0.0011529274881424134,0.0011917431002558465,-0.00234467058839826,44.031408279646634,0.15803175408110773,0.1509335,0.14383524591889227,9.405803325448266,0.5878032813250246,47.320655607841466,0.006694304322719154,0.15309811620694289,0.1539554308522493
0.15145,0.15849,0.15218,0.1579,915804217.0,-0.000660887543707328,0.0013470264357527454,-0.0020079139794600734,42.398784046787895,0.15865629204950538,0.1510945,0.1435327079504946,10.009354476179324,0.9499925385044916,54.3992459101295,0.006718996882373095,0.15405849296555432,0.1542476211594901
0.1565,0.1651,0.15791,0.16126,2251821197.0,1.7950727407289868e-07,0.0016064747893873171,-0.0016062952821132442,39.44132139808484,0.16024281029542192,0.151503,0.14276318970457808,11.537474895443554,1.0581928937926082,57.97177213523482,0.006853354304894189,0.15549879437244346,0.1547670566291575
0.16086,0.16358,0.16125,0.16251,927604354.0,0.0006178225870199228,0.0017792942953065336,-0.0011614717082866109,36.69510653418463,0.16189885815015384,0.152336,0.14277314184984616,12.554955033811892,1.0319539326135625,59.25079400601857,0.0065581145954294795,0.15690103549795478,0.15534060798996063
0.15928,0.16578,0.16252,0.16318,1310826488.0,0.0011481375630371105,0.001847687417058977,-0.0006995498540218666,34.43873112452378,0.1635392963917404,0.1530855,0.14263170360825964,13.657461211859225,0.9828150282310701,59.954259332736314,0.006553963551380981,0.15815682839836384,0.155921303694408
0.16159,0.16521,0.16318,0.16301,800136448.0,0.0015369810620472768,0.0017892247328553147,-0.00025224367080803795,32.34352568482199,0.16482878081894517,0.15386249999999999,0.1428962191810548,14.254650508012265,0.9170739447140965,59.67277219073696,0.006344394655127331,0.15912746271869108,0.15644639230963703
0.16058,0.16353,0.163,0.16196,679856364.0,0.0017403543896244988,0.0015940784483460294,0.0001462759412784694,30.164056750186887,0.16579593670098441,0.1544905,0.1431850632990156,14.635769449881268,0.8303499102935842,57.86566251868227,0.006101937817605449,0.15969397017495288,0.15685480769410837
0.15822,0.16248,0.16197,0.16013,945368461.0,0.0017338764623459901,0.0012700804168540164,0.0004637960454919736,28.4075246150328,0.1654848486391622,0.1553725,0.14526015136083778,13.016909220308891,0.7352321982637925,54.75347024650431,0.005970370792116288,0.15978117613996232,0.15709741453158182
0.15501,0.16032,0.16013,0.15706,1366306453.0,0.0014641416023717102,0.0008002764455037892,0.000663865156867921,27.425632993279553,0.16545257209894823,0.155787,0.1461214279010518,12.408701751684314,0.5658522841156252,49.90442216346483,0.005923201436999417,0.15923694091196985,0.15709464308479798
0.15663,0.16034,0.15705,0.15815,669068375.0,0.0013230770641881884,0.0005273695258562139,0.0007957075383319745,26.508590814456213,0.16556973079503726,0.15616950000000002,0.14676926920496278,12.03849765163779,0.6053431582257311,51.54521706935387,0.005765115580165373,0.1590195527295759,0.15717281767110924
0.15631,0.16187,0.15814,0.16063,1332464175.0,0.0013953133711476773,0.0004796846662525622,0.0009156287048951151,25.24383731298915,0.16590819076721885,0.1566645,0.14742080923278117,11.800619498634141,0.7144976557449837,55.14499480207367,0.005750464463862215,0.15934164218366073,0.15742890525102707
0.16013,0.16332,0.16063,0.16042,845965217.0,0.0014192556245074262,0.0004029015356898488,0.0010163540888175773,23.688604890607202,0.16621618931736298,0.157078,0.147939810682637,11.635224942210861,0.6828589824490753,54.77391686850758,0.00556757410520774,0.15955731374692858,0.15765046782502506
0.1585,0.16148,0.16043,0.15955,744550284.0,0.0013524382375441624,0.00026886731898126794,0.0010835709185628944,22.630575976600184,0.1653122436640098,0.157771,0.1502297563359902,9.559733618991823,0.6179513671259683,53.177409783950885,0.005382747346052018,0.15955585099754288,0.15779117391206024
0.15743,0.16125,0.15955,0.15847,1011149202.0,0.0011985221852220118,9.196101332729391e-05,0.001106561171894718,21.895981930819723,0.16515026931424587,0.1580975,0.15104473068575414,8.922050398324915,0.5264080663497377,51.18301069798878,0.005271122514670795,0.15933868079803432,0.1578414573259817
0.15771,0.16192,0.15848,0.16009,953145562.0,0.0011935050822890203,6.955512831544183e-05,0.0011239499539735785,21.012949776821404,0.16510503428777643,0.15847000000000003,0.15183496571222363,8.373867972204703,0.6220792485567467,53.97161302288985,0.005195328036128651,0.15948894463842747,0.15800801604257567
0.15987,0.16257,0.16008,0.16115,533398411.0,0.0012605315106772597,0.0001092652453629449,0.0011512662653143148,19.993558174778393,0.16503622827433856,0.1589015,0.15276677172566144,7.721422735894322,0.6832599505185434,55.752671513594265,0.005017090290419911,0.15982115571074199,0.15824075559497747
0.15812,0.16218,0.16115,0.1585,556933292.0,0.0010872840513156123,-5.118577119896193e-05,0.0011384698225145743,19.505419262761922,0.164852841473987,0.159122,0.15339115852601304,7.203078737053298,0.44573222773450033,50.49245516228871,0.004948726687974655,0.1595569245685936,0.15825995888423838
0.15671,0.1593,0.15849,0.15738,733156553.0,0.0008498134315728101,-0.0002309251127534113,0.0010807385443262214,19.40168284207099,0.1648175669322242,0.1591775,0.15353743306777579,7.086512769988489,0.3406490542044732,48.4134260355391,0.004780246186754375,0.15912153965487488,0.15819477674466517
0.1567,0.15918,0.15738,0.158,518542223.0,0.0007035351576253346,-0.0003017627093607094,0.001005297866986044,19.307874315112635,0.1647252961960786,0.159298,0.1538707038039214,6.814016743560617,0.38041927756422783,49.64936600940754,0.004615942866413018,0.1588972317238999,0.15818034883765295
0.15731,0.16297,0.158,0.1611,1278531478.0,0.0008282056249585279,-0.00014167379362201287,0.0009698794185805408,17.96090374755439,0.16462355478735655,0.15963149999999998,0.15463944521264342,6.254473318056355,0.6470837222899976,55.402751170027216,0.004690518384926947,0.15933778537911994,0.1583966192941231
0.16041,0.16288,0.16109,0.16114,670274454.0,0.0009196345594792987,-4.019588728099372e-05,0.0009598304467602924,16.710145421893703,0.1637493690712299,0.16007949999999999,0.15640963092877008,4.585058138274924,0.6444874434777327,55.473451350060564,0.004531909911141918,0.15969822830329597,0.15859983267974362
0.15857,0.16129,0.16114,0.15972,482035770.0,0.0008675103963889652,-7.385604029706188e-05,0.0009413664366860271,16.10034068953195,0.16370753534050342,0.16017050000000002,0.15663346465949662,4.4165877493088885,0.43631672338112626,52.30347493292668,0.004402487761206224,0.1597025826426368,0.15868280803679966
0.15901,0.16427,0.15972,0.16268,1037125428.0,0.0010529115746357176,8.92361103597524e-05,0.0009636754642759652,15.287380236718876,0.16391744491253202,0.1602415,0.156565555087468,4.588006118929252,0.8316834253536639,57.72633940502966,0.00446373864130577,0.16029806611410943,0.15897889633037005
0.16047,0.16344,0.16269,0.16123,929584514.0,0.0010705004000468588,8.545994861671488e-05,0.0009850404514301439,14.532488415947599,0.1637359259160435,0.1601775,0.1566190740839565,4.443103327300644,0.6478884238189022,54.45986296712004,0.004357043014526291,0.16048445289128757,0.15914564475034262
0.16036,0.1645,0.16122,0.16322,869456220.0,0.0012308278228043423,0.0001966298970993586,0.0010341979257049837,14.150442471588342,0.1637447123358883,0.1601795,0.1566142876641117,4.451521369324166,0.9264121900108983,57.97455733580197,0.004341539940772509,0.16103156231303006,0.15944744884290984
0.1522,0.16366,0.16322,0.15266,2454338889.0,0.0005000207856735439,-0.00042734171202515187,0.0009273624976986958,14.665767370020387,0.16428214545225253,0.159662,0.15504185454774747,5.787407714111728,-0.25776835084122857,40.23074791999708,0.004850001412788641,0.15935724985042407,0.15894467485454616
0.15102,0.15557,0.15266,0.15333,1338239195.0,-2.4799779436618374e-05,-0.0007617298217082514,0.000736930042271633,15.378802402658119,0.16448061037978912,0.1592305,0.15398038962021088,6.594352689703442,-0.06194056630834189,41.45506613398995,0.004828572738911996,0.15815179988033926,0.15852877301346868
0.14923,0.15399,0.15332,0.1513,864116377.0,-0.0005976386862387439,-0.0010676549828083017,0.00047001629656955767,16.384586710450336,0.1650500475161884,0.15878899999999999,0.15252795248381157,7.885996531483186,-0.09806286253511201,38.85788877322778,0.004823674685806851,0.1567814399042714,0.15799330834580433
0.14906,0.15294,0.15131,0.15059,759090817.0,-0.0010962715769100295,-0.0012530302987836697,0.00015675872187364024,17.351222026366784,0.16565082803704664,0.15846549999999998,0.15128017196295332,9.06863391343436,-0.04802647557598459,37.962068556041984,0.00475626934694414,0.15554315192341714,0.157444915135004
0.14805,0.15193,0.15059,0.15005,769303534.0,-0.0015175221712888654,-0.0013394247145300045,-0.0001780974567588609,18.448345712150818,0.16613001417372622,0.1580605,0.14999098582627376,10.210665123451118,0.003656612557814818,37.25853068950073,0.00469367867571642,0.15444452153873373,0.15689714364352222
0.14733,0.15102,0.15006,0.14993,949588955.0,-0.0018398407603744116,-0.0013293946428924405,-0.0005104461174819711,19.609814078337106,0.1662359936140249,0.1575255,0.1488150063859751,11.059153742124163,0.06400289486634986,37.09401262431909,0.004621987337919622,0.153541617230987,0.15638105892918724
0.14755,0.15169,0.14994,0.15141,1089668442.0,-0.0019533400451522687,-0.001154315142136238,-0.0007990249030160306,20.410284255343097,0.16606750465665535,0.157075,0.14808249534334464,11.44995022333962,0.18501545363074479,40.57893760931388,0.004587559669223266,0.1531152937847896,0.15601283234184005
0.15092,0.15284,0.15141,0.15238,761217475.0,-0.0019426247834237742,-0.0009148799043261948,-0.0010277448790975794,20.679798220226765,0.16585622269819864,0.15671649999999998,0.14757677730180133,11.664020952737784,0.26276632545675194,42.814972060324735,0.0043970196841027894,0.1529682350278317,0.1557437336498519
0.1511,0.15432,0.15238,0.15123,575141534.0,-0.0020038293529137108,-0.000780867579052905,-0.0012229617738608058,20.34764695462108,0.1657574643730032,0.1563545,0.1469515356269968,12.027750238084861,0.2275061461089372,40.85222393360418,0.004312946845940058,0.15262058802226536,0.15540938300912213
0.14733,0.15156,0.15124,0.15053,808693789.0,-0.0020847864446461306,-0.0006894597366282598,-0.0013953267080178708,20.954665929612187,0.16544185263333075,0.1558765,0.14631114736666925,12.272988722906593,0.22052781507657282,39.66040325784986,0.004307022070995527,0.1522024704178123,0.15504794723066864
0.14972,0.15171,0.15053,0.15011,491118186.0,-0.0021579603889419485,-0.0006101069447392621,-0.0015478534442026864,21.45852920820088,0.16488304063128714,0.1553245,0.14576595936871287,12.307833769028244,0.22723346580063475,38.926603346477705,0.004141520488412534,0.15178397633424984,0.15468217336173024
0.1495,0.15151,0.15011,0.14965,543354610.0,-0.0022273934177897414,-0.0005436319788696439,-0.0016837614389200975,21.978638460314034,0.1646290869494412,0.15488200000000002,0.14513491305055884,12.586468342920648,0.2316121202601986,38.09525199965863,0.003989269019757948,0.15135718106739987,0.15430941977937984
0.14678,0.15092,0.14964,0.14812,1137783803.0,-0.002378460395744131,-0.0005557591654592265,-0.0018227012302849043,23.068019428704847,0.16452074024611435,0.154419,0.14431725975388565,13.083545737395461,0.18822203667220014,35.38809431195275,0.004000035518687894,0.1507097448539199,0.15385094424016652
0.14747,0.15003,0.14812,0.14927,428089660.0,-0.0023779748611414964,-0.00044421890468527344,-0.001933755956456223,24.079587458318034,0.1641815565740153,0.15398249999999997,0.14378344342598462,13.24703336290208,0.2689737297856437,38.9025408814616,0.0038971758357544987,0.15042179588313595,0.1535116150371912
0.14674,0.15023,0.14927,0.14792,458738175.0,-0.002458187335613593,-0.0004195451033258959,-0.002038642232287697,25.17922208199874,0.16329860155336604,0.1533235,0.14334839844663397,13.011836480860447,0.22915062713438594,36.39954054548809,0.003868091846691528,0.14992143670650876,0.1530974213307326
0.14145,0.14891,0.14791,0.14644,1371625896.0,-0.002611081014067679,-0.00045795102542398524,-0.0021531299886436935,27.14351896131522,0.16231468789659978,0.1525885,0.1428623121034002,12.748258088387779,0.1839203568054924,33.8297685229579,0.004124656721295453,0.149225149365207,0.1526042790099376
0.14442,0.14687,0.14644,0.145,517584218.0,-0.002815985394462539,-0.000530284324655076,-0.002285701069807463,28.967508902686408,0.16153637086861258,0.1518525,0.14216862913138742,12.754312070743099,0.1461900363515599,31.499590695378952,0.004005038381241501,0.14838011949216562,0.15204099908327554
0.14305,0.14555,0.145,0.14405,501747497.0,-0.0030202154885672072,-0.0005876115350077955,-0.0024326039535594117,30.869082148120768,0.15981118762456464,0.150921,0.14203081237543536,11.781246645019108,0.11356271148796683,30.03001685738896,0.0038975356373721014,0.1475140955937325,0.15144907322525514
0.14368,0.14715,0.14405,0.14556,621095333.0,-0.003025350570973223,-0.00047419729393104876,-0.0025511532770421744,31.836932804113054,0.15795241618636835,0.1501375,0.14232258381363166,10.410345431845265,0.2071305762699923,35.20452643272906,0.0038669973769393613,0.147123276474986,0.15101284557893993
0.14528,0.14965,0.14557,0.14806,868164273.0,-0.002795466654670564,-0.0001954507021027117,-0.0026000159525678525,31.623757373942823,0.15442008518427777,0.14937949999999997,0.14433891481572217,6.748697357104292,0.369112419316347,42.752981026374435,0.0039029261364072337,0.1473106211799888,0.15079411627679623
0.14664,0.14823,0.14807,0.14767,265204268.0,-0.0026146121144941803,-1.1676929541062139e-05,-0.002602935184953118,31.425808761665174,0.15398701966229916,0.14913,0.14427298033770086,6.513806292897673,0.34970207024971134,41.932305649736485,0.0037377171237696835,0.14738249694399105,0.15056270025629281
0.14749,0.15087,0.14767,0.14991,594279059.0,-0.0022644313537919236,0.0002708030649289559,-0.0025352344187208795,30.16871303800293,0.1534386602549703,0.148959,0.14447933974502972,6.014621815358979,0.6061464425728292,48.09514793003176,0.0037121659002276363,0.14788799755519286,0.15051435208916
0.14933,0.15058,0.14992,0.15006,371544328.0,-0.0019523019104634998,0.00046634600660590405,-0.002418647917069404,29.00140987341301,0.1532785937739549,0.148897,0.1445154062260451,5.885402357273671,0.6327142656301359,48.489397316853946,0.003536296904697725,0.14832239804415429,0.15048069637885186
0.14815,0.15028,0.15007,0.14853,475135046.0,-0.0018075588775370854,0.0004888712316258549,-0.0022964301091629403,28.268361652621618,0.15310788641481904,0.148794,0.14448011358518098,5.798468237723334,0.46940114149817164,44.75524631738302,0.003435847124381825,0.14836391843532343,0.15033620035078876
0.14843,0.15064,0.14853,0.14988,404136799.0,-0.0015658649471527175,0.0005844521296081784,-0.002150317076760896,27.431747892374798,0.15309011368765657,0.14878550000000001,0.14448088631234346,5.786334942123466,0.6271310365362713,48.52221461693864,0.0033482866143569982,0.14866713474825874,0.15030240773221182
0.14971,0.15106,0.14988,0.15005,345101823.0,-0.0013450977373398454,0.0006441754715368407,-0.001989273208876686,26.466928454758303,0.15310280734232207,0.1487915,0.14448019265767792,5.79509897046817,0.6459534081049957,48.993868211750915,0.0032055518544624145,0.148943707798607,0.1502837108631591
0.14588,0.15039,0.15005,0.14659,696734899.0,-0.0014328146215338566,0.00044516686987426364,-0.0018779814914081203,26.686818707762146,0.15278760502583544,0.1485505,0.14431339497416457,5.704598807591271,0.2686510025069004,40.8002145688568,0.0032987267230471747,0.1484729662388856,0.15001010265107323
0.14332,0.14803,0.14659,0.14378,837193589.0,-0.0017093698485060038,0.00013488931432169326,-0.001844259162827697,27.472457985046205,0.15246008281404558,0.14812050000000002,0.14378091718595445,5.859530333810055,-0.00010567674287660086,35.59394238026677,0.003399531958166424,0.14753437299110847,0.14954861356580854
0.14017,0.14513,0.14377,0.14146,1046220956.0,-0.002091635398429992,-0.00019790098848183565,-0.0018937344099481561,28.792970789238872,0.15261357645730336,0.147632,0.14265042354269666,6.748640480794609,-0.11948261287362305,31.967060033638347,0.0035109939622338343,0.14631949839288677,0.1489494570053783
0.13943,0.14255,0.14146,0.14052,878141091.0,-0.002442280653801421,-0.00043883699508261154,-0.0020034436587188093,30.14461064711546,0.1528104550975473,0.1471315,0.1414525449024527,7.719563924172987,-0.08210532452135998,30.606266364276713,0.0034830658218231616,0.14515959871430942,0.14832505278275768
0.13961,0.14338,0.14051,0.14317,1049084527.0,-0.0024777744504166366,-0.0003794646333582616,-0.002098309817058375,31.001151826475745,0.15254065314250395,0.1467845,0.14102834685749607,7.842998603400139,0.18603163340893106,38.54821039664387,0.0035035611204354833,0.14476167897144754,0.14794319702107192
0.13973,0.14356,0.14317,0.14098,704110049.0,-0.0026520470893554304,-0.00044298981783764436,-0.002209057271517786,31.707728873234288,0.1524729144064547,0.14635099999999998,0.14022908559354527,8.366071166517086,0.06133003147373209,34.98477732894922,0.0035268781834422933,0.14400534317715805,0.14742740464914067
0.13958,0.14467,0.14098,0.14334,739972888.0,-0.002570100614571247,-0.0002888346744427685,-0.0022812659401284783,31.811463355831798,0.15231173418784685,0.146112,0.13991226581215313,8.486276538336156,0.27644202831841896,41.283822612307,0.0036385297425716276,0.14387227454172644,0.14712463393438951
0.14091,0.14593,0.14334,0.14358,910798594.0,-0.00245746334099875,-0.00014095792069621733,-0.0023165054203025327,31.309728784993876,0.15194309931649852,0.1458275,0.13971190068350148,8.387443131780387,0.31624858957512697,41.90030047309128,0.0037372061901904323,0.14381381963338116,0.14686206845776806
0.14133,0.14419,0.14359,0.14199,538337035.0,-0.002468047091436276,-0.0001212333369069946,-0.0023468137545292816,30.843832398998035,0.15178547647688895,0.14553100000000002,0.1392765235231111,8.595387205322474,0.2169227502026385,38.98034671090432,0.003674548604787893,0.14344905570670494,0.14650117449793337
0.13482,0.14248,0.142,0.13543,1845657818.0,-0.002971518154127356,-0.0004997635196784594,-0.0024717546344488967,31.881427328732084,0.15260592188996494,0.1449805,0.13735507811003508,10.519237952641808,-0.12622764601185515,29.764279884789556,0.003959223706086757,0.14184524456536396,0.14568108749808645
0.1322,0.13599,0.13543,0.13429,1500211638.0,-0.0034230522556189247,-0.000761038096936022,-0.0026620141586829026,33.25866459616236,0.15338129117699037,0.144445,0.1355087088230096,12.373278655530314,-0.06818873730007878,28.503098125590807,0.003947136298444436,0.14033419565229116,0.14483730323896893
0.12901,0.1345,0.13429,0.13076,1729075565.0,-0.004019404588632314,-0.001085912343959529,-0.002933492244672785,34.96332592947894,0.1545283229888641,0.1437805,0.1330326770111359,14.950320786009359,-0.1057273186156241,24.97427615892794,0.004057340849103258,0.13841935652183293,0.14379454003608233
0.13073,0.13448,0.13075,0.13329,881622731.0,-0.004239003657647039,-0.001044409130379403,-0.003194594527267636,36.546225735928765,0.15480259040186423,0.143167,0.13153140959813575,16.254570399413605,0.07556945290814301,31.51827028311613,0.0040353879312088545,0.13739348521746636,0.1430164259593355
0.12834,0.13387,0.13329,0.13215,1204613768.0,-0.004453686647243771,-0.0010072736959809074,-0.0034464129512628634,38.30973491348378,0.15471420031232852,0.1423715,0.1300287996876715,17.338723427551873,0.0859293452264139,30.238415345782265,0.0041421459365799974,0.13634478817397308,0.14221150551790324
0.12246,0.13326,0.13215,0.12462,2065905519.0,-0.005171815067614521,-0.0013803216930813262,-0.003791493374533195,40.508237186927836,0.1555171661761204,0.141219,0.12692083382387961,20.249635213562474,-0.08045905312396914,23.46153758847363,0.004617706943002358,0.13399983053917847,0.1409084310350956
0.12154,0.12557,0.12464,0.12552,1800201597.0,-0.0056037183591572115,-0.0014497799876992132,-0.004153938371457998,42.622586917493614,0.15525315067778703,0.1399995,0.12474584932221297,21.79100736472206,0.025375914728215557,25.607547467554074,0.004575727875489933,0.1323038644313428,0.13976854725471813
0.12002,0.12727,0.12551,0.1209,1744474885.0,-0.006246791099150412,-0.00167428218215393,-0.004572508916996482,43.83695745797262,0.15518139936868464,0.13854149999999998,0.12190160063131533,24.0215377611541,-0.030096354825327076,22.171006385566773,0.0047667473136103365,0.13002309154507424,0.13837087708770196
0.12023,0.13284,0.12091,0.12695,3457526362.0,-0.006196813432773007,-0.0012994436126212202,-0.004897369820151787,42.92778223943095,0.15417021782739793,0.1374625,0.12075478217260205,24.308764684765578,0.1853998820006048,34.55661592656705,0.005326979650137347,0.1294084732360594,0.13752488619231662
0.12616,0.13076,0.12696,0.13014,1157372958.0,-0.005832565250479899,-0.000748156344262489,-0.00508440890621741,42.08354810897365,0.15244848027920746,0.1364755,0.12050251972079255,23.407835515103375,0.3016807167712112,39.98024728948616,0.005275052532116771,0.1295547785888475,0.13697785758547834
0.12502,0.13071,0.13013,0.12612,1104219535.0,-0.0058014014010994985,-0.0005735939959056711,-0.005227807405193827,41.49978723563216,0.15057617346440016,0.13527899999999998,0.1199818265355998,22.6157400104971,0.20063096880888032,35.93820502544699,0.005304691637046995,0.128867822871078,0.13617357183840587
0.12397,0.12777,0.12613,0.12682,965348878.0,-0.005655031987469861,-0.0003417796658208268,-0.005313252321649034,41.14080955743804,0.14908300414905967,0.13429049999999998,0.11949799585094029,22.030604024945465,0.24749035306253864,37.13014531810134,0.005197213662698047,0.12845825829686242,0.13548071466519063
0.12651,0.13237,0.12682,0.13181,1391378590.0,-0.005077847609412767,0.00018832376978901444,-0.005266171379201781,39.29964843913642,0.14785553854091368,0.13369199999999998,0.11952846145908627,21.18831125409704,0.43356180044402387,44.98793711815896,0.005244555544046036,0.12912860663748993,0.1352088098751765
0.12903,0.13418,0.13181,0.13337,1990936552.0,-0.00444332597293598,0.0006582763250126411,-0.005101602297948621,37.083116705798794,0.14699529759844548,0.1332875,0.11957970240155452,20.568766911293977,0.5030092361448837,47.20932310468911,0.005237801576599321,0.12997688530999194,0.13507260173627453
0.13196,0.13436,0.13337,0.13297,902886724.0,-0.00392746627515006,0.0009393088182388489,-0.004866775093388909,34.97429562469069,0.14621007669150624,0.13291,0.11960992330849377,20.013658402687888,0.5022556260911759,46.6887302103622,0.005035101463571095,0.13057550824799355,0.13491685345951346
0.13093,0.13391,0.13297,0.13188,619971082.0,-0.0035654968107861618,0.0010410226260821982,-0.00460651943686836,33.27208171855935,0.14478640266017487,0.13234549999999998,0.11990459733982509,18.80064325598512,0.4812915504318625,45.22519850808818,0.004888308501609055,0.13083640659839485,0.13469190135140136
0.13117,0.13579,0.13187,0.13503,1086099418.0,-0.002989988007529143,0.001293225143471374,-0.004283213151000517,31.12932842433257,0.1439203386070288,0.132048,0.1201756613929712,17.981852973204894,0.6255860407415678,50.09389280280887,0.004869143608603228,0.1316751252787159,0.134716945695742
0.13166,0.13547,0.13503,0.1323,605521142.0,-0.002722794637370185,0.0012483348109042659,-0.003971129448274451,29.139628938198495,0.14218451982268573,0.131496,0.12080748017731426,16.2567984162039,0.5376104462235063,46.25645934775437,0.004793490493579287,0.13180010022297273,0.1345379126812426
0.13104,0.13366,0.13231,0.13257,647036080.0,-0.0024608876420904036,0.0012081934449472381,-0.0036690810870376417,27.474227965249156,0.14011383349087747,0.1309455,0.12177716650912251,14.003281503950085,0.5885929815716446,46.69140909113736,0.004638241172373602,0.13195408017837817,0.13439214137152092
0.13236,0.13969,0.13256,0.13875,1842322982.0,-0.0017346540971608093,0.0015475415919014661,-0.0032821956890622755,26.73158985489649,0.1392534002945693,0.1307835,0.12231359970543068,12.952551804423823,0.9702829858049175,55.55730427150197,0.004830509660332296,0.13331326414270256,0.13471494571437123
0.13875,0.14084,0.13876,0.14049,719421328.0,-0.0010070961448978843,0.0018200796353315131,-0.0028271757802293975,26.29405525683822,0.14031057197513291,0.1310365,0.12176242802486709,14.15494457671399,1.009673637715353,57.69086492227212,0.00463475897005227,0.13474861131416205,0.1351427275133067
0.1403,0.148,0.14049,0.14597,1316013818.0,1.1555768070492523e-05,0.002270985238639912,-0.0022594294705694197,27.146691576952303,0.14289565050897085,0.13162049999999997,0.1203453494910291,17.132818229638815,1.136332969062501,63.61521138952113,0.004853704758171861,0.13699288905132964,0.1359447476975062
0.14565,0.15214,0.14597,0.14933,1605429433.0,0.001077547372042048,0.002669581474089174,-0.0015920341020471262,28.474249463730445,0.14619662821884982,0.13254899999999997,0.11890137178115012,20.592578169356017,1.1147954696194908,66.69459908393267,0.004970582989862958,0.13946031124106373,0.1369362478680613
0.14865,0.15213,0.14935,0.15005,1053288324.0,0.0019578821344466424,0.002839932989195015,-0.0008820508547483724,29.706981786626258,0.14902656406041895,0.133387,0.11774743593958108,23.4499075028585,1.0327194522694907,67.33262260007187,0.004864112776189708,0.14157824899285099,0.13790763691487157
0.15001,0.16229,0.15005,0.15797,2863496168.0,0.0032570859268212238,0.0033113094252556767,-5.4223498434453154e-05,31.847343274922125,0.15361177891494324,0.13467800000000002,0.1157442210850568,28.117107344842086,1.1150911580999052,73.37478634090553,0.005393819006977483,0.1448565991942808,0.13939373788414033
0.15717,0.17025,0.15797,0.16321,5106456076.0,0.004655868545612479,0.003768073635237546,0.0008877949103749334,34.347916828206465,0.15865695430163634,0.1366075,0.11455804569836364,32.281469614239846,1.1032462217902996,76.47504425209965,0.005942831935546755,0.14852727935542465,0.14115790544827808
0.15781,0.16372,0.16321,0.1607,1910322541.0,0.005498494602550225,0.0036885597537402327,0.0018099348488099917,36.66987798401171,0.1621426496252011,0.1383665,0.1145903503747989,34.366916305899345,0.9696618323836591,72.14174686483918,0.0059404867972914464,0.15096182348433973,0.14260546800766488
0.15888,0.16349,0.16069,0.16005,1094198854.0,0.00604415895368321,0.003387379283898574,0.0026567796697846355,38.82598477084163,0.16446933445616257,0.140324,0.11617866554383742,34.413691822015586,0.9084847123533085,71.01946874517078,0.005845452025982277,0.1527794587874718,0.14389765556265266
0.15445,0.16266,0.16005,0.15828,2073586532.0,0.006261597873189861,0.0028838545627241806,0.003377743310465681,39.51502975227958,0.16642399341206734,0.14189049999999997,0.1173570065879326,34.58088231709293,0.8340229563870115,67.9208950137369,0.006014348309962913,0.15387956702997743,0.14496301440986356
0.15814,0.16259,0.15829,0.16161,1600914797.0,0.006626239785929355,0.0025987971803709395,0.004027442605558416,40.15485723486337,0.16880459146902363,0.14346399999999998,0.11812340853097633,35.32675998023707,0.8580421558467114,70.52629715997908,0.005902609144890474,0.15542565362398195,0.14619612445357738
0.16001,0.16268,0.16161,0.16079,1068088543.0,0.006771002084674793,0.002194847583293102,0.004576154501381691,40.758512093893955,0.17029731424233965,0.1451975,0.12009768575766036,34.57334216131772,0.8106098684526868,69.03932324005959,0.00567170849153993,0.15649852289918556,0.1472771522718309
0.15864,0.16237,0.16079,0.16179,1341138410.0,0.006887029502954833,0.0018487000012585133,0.00503832950169632,40.88686228683423,0.17154858880687066,0.146946,0.12234341119312934,33.48521063094015,0.8016755699273113,69.87352559305076,0.005533015027778143,0.15755681831934845,0.14835217802947306
0.16018,0.16348,0.16179,0.16215,989279712.0,0.006928167457414064,0.0015118703645741948,0.005416297092839869,41.14681450919732,0.17288624392868313,0.14846299999999998,0.12403975607131683,32.9014554854518,0.7802043831680714,70.18497203266385,0.005373513954279601,0.15847545465547877,0.14937423891617876
0.15949,0.16219,0.16214,0.16089,593438433.0,0.006780931752703612,0.001091707727890994,0.005689224024812618,41.15642907512103,0.17380246544220931,0.149839,0.12587553455779069,31.985618486788237,0.7305801726935275,67.55270157568206,0.005182548671735653,0.15895836372438302,0.15022725825572109
0.16087,0.16604,0.1609,0.1618,1326792061.0,0.006660893160663206,0.0007773353086804706,0.005883557851982735,41.66392167562912,0.17446748900245482,0.15128049999999998,0.12809351099754515,30.65429979733652,0.7268405785435595,68.47237402933483,0.0051816523380398315,0.15952669097950642,0.15108449838492694
0.16127,0.16443,0.16181,0.16415,1008364698.0,0.006678402603814859,0.0006358758014656987,0.0060425268023491605,42.135164804587355,0.1749183468915644,0.152894,0.1308696531084356,28.80995577532723,0.755535386711312,70.77596795260328,0.005037248599546208,0.16045135278360514,0.1520523133193768
0.1598,0.1691,0.16416,0.16195,2699479395.0,0.006440515100827521,0.00031839063878268733,0.0061221244620448334,43.10220692661494,0.17498614952225985,0.15424,0.13349385047774012,26.90112749255688,0.6858176138113599,65.92004641242129,0.0053417308425575604,0.1607510822268841,0.15278547529571926
0.15492,0.16248,0.16195,0.15811,2544162360.0,0.005874415033235436,-0.00019816754304751837,0.0060725825762829545,42.45632926231745,0.17370916383978657,0.1555305,0.1373518361602134,23.376333053370995,0.5709485587811578,58.38969448582019,0.005500178639576589,0.1602228657815073,0.15317988453307338
0.15406,0.15862,0.15811,0.15699,1215938813.0,0.005274599709244626,-0.0006383862936306627,0.005912986002875289,41.61074421694153,0.17156668042414486,0.1567515,0.14193631957585512,18.902760642347754,0.5080491763573567,56.367162387812364,0.0054330230224408135,0.15957629262520584,0.1534621153084013
0.15624,0.1587,0.15699,0.15642,628353691.0,0.004699079444474119,-0.000971125246720936,0.005670204691195055,40.83827153722095,0.1699467204321722,0.15763500000000003,0.14532327956782784,15.620541671801547,0.4506567743032459,55.31699312886305,0.005220664235055602,0.15894503410016467,0.15368121787814934
0.15312,0.15867,0.15642,0.15481,1147565392.0,0.004066189442793827,-0.001283212198720983,0.00534940164151481,39.2122732918566,0.16796004553012248,0.158351,0.1487419544698775,12.136387556911526,0.31574652815934506,52.350200559894795,0.005244188218272912,0.15811802728013175,0.1537648313686568
0.15459,0.1569,0.15482,0.15593,717395611.0,0.003613341840989659,-0.001388847840420121,0.00500218968140978,37.702417778478555,0.1667138684667938,0.15884900000000002,0.15098413153320622,9.902320400876045,0.314427920039331,54.19079539313287,0.005034603345481256,0.1576804218241054,0.15392521423023778
0.15566,0.1599,0.15593,0.15636,1510410909.0,0.003251671020875424,-0.001400414928427485,0.004652085949302909,36.87302155906336,0.16586973526350418,0.15920050000000002,0.15253126473649586,8.378409946582025,0.28704454950449865,54.910913407608156,0.004977845963646612,0.15741633745928435,0.15410556873170164
0.15475,0.15908,0.15636,0.15632,970599970.0,0.0029280637285252487,-0.0013792177766221289,0.0043072815051473775,35.82389365283703,0.16489904373240993,0.159514,0.15412895626759004,6.75181329840634,0.20343787732150823,54.824575321024696,0.00493157125194655,0.1571970699674275,0.1542696006775015
0.15242,0.15707,0.15631,0.15344,778278932.0,0.002411413414250607,-0.0015166944727174163,0.0039281078869680235,34.16294392323117,0.16526206232706356,0.15928749999999997,0.15331293767293638,7.501608509222115,0.010633609635976371,48.86691358173688,0.004911459019660206,0.156445655973942,0.15420814877546435
0.14925,0.15424,0.15343,0.14997,937632482.0,0.001702340792932855,-0.001780613675228135,0.00348295446816099,31.789424734413778,0.1655701655067013,0.1586255,0.1516808344932987,8.75605184122516,-0.12317616245503969,42.82810706198985,0.004917069089685628,0.15515052477915361,0.15389421182913365
0.14867,0.15191,0.14997,0.15138,653497058.0,0.001239878302807168,-0.0017944609322830575,0.0030343392350902255,29.595979212909878,0.1657092350284607,0.1581595,0.15060976497153933,9.546988993339863,0.05101073253280136,45.76116652063662,0.004797278440399531,0.1543964198233229,0.1537079739158645
0.14729,0.15176,0.15138,0.14776,853732975.0,0.0005746455449844035,-0.001967754952084658,0.0025424004970690615,27.90302853592708,0.16628589125890292,0.157545,0.14880410874109706,11.096374063160276,-0.05972553085096423,40.076531753117365,0.004773901408938284,0.1530691358586583,0.15326738325543007
0.1465,0.1495,0.14776,0.14689,905336385.0,-2.249858772557234e-05,-0.0020519192678357073,0.002029420680110135,26.526780223839157,0.16686001410034731,0.1569755,0.14709098589965267,12.593702966828996,-0.010166706102711223,38.8281496320358,0.004647194165421864,0.15183330868692665,0.1527949844957686
0.1461,0.15077,0.1469,0.1485,1532614666.0,-0.00036165711235330855,-0.0019128622339707549,0.0015512051216174463,24.876343498428714,0.1666183493823022,0.15632,0.14602165061769778,13.1759843683498,0.1203275054234066,42.40370311255864,0.004648823153606264,0.15116664694954132,0.152476837496082
0.14611,0.15059,0.1485,0.14663,731545487.0,-0.0007724319437584781,-0.0018589096523007396,0.0010864777085422615,23.343795110638535,0.16651310012796705,0.155612,0.14471089987203295,14.01061631232431,0.08802323184994697,39.51468292827909,0.004636764356918394,0.15025931755963307,0.15204373842229815
0.142,0.14723,0.14662,0.14311,1119892302.0,-0.0013662591541897806,-0.001962189490185634,0.0005959303359958532,22.97386935361629,0.16646659720238005,0.154678,0.14288940279761997,15.242758766443888,0.009356380517245992,34.71949210291543,0.004679138331429801,0.14882945404770645,0.15138198002064643
0.143,0.14806,0.14311,0.14771,670956917.0,-0.0014489869212890583,-0.0016359338058279291,0.0001869468845388709,22.359140289366415,0.16559345401709336,0.153956,0.14231854598290666,15.117896044445617,0.23164233384614277,44.24205788517783,0.0047063427363309976,0.14860556323816518,0.15110998150059854
0.14532,0.14889,0.14771,0.146,853244425.0,-0.0016336997083749583,-0.0014565172743310633,-0.00017718243404389494,21.515072597695475,0.16488440585072806,0.1532115,0.14153859414927195,15.237636666605384,0.19110090956699446,41.80098931330769,0.004625175398012429,0.14808445059053216,0.15073146435240606
0.14312,0.14672,0.146,0.14585,1096453878.0,-0.0017717658554265714,-0.0012756667371061413,-0.0004960991183204302,21.28822045153862,0.16380691780010548,0.152414,0.1410210821998945,14.949962339556057,0.2119262986370703,41.58424221925977,0.004551948583860967,0.14763756047242574,0.15036987440037597
0.14541,0.15013,0.14585,0.1488,1268184483.0,-0.0016244186389521853,-0.0009026556165054041,-0.0007217630224467812,20.00399487266034,0.1617711141161014,0.1516465,0.14152188588389858,13.352914991247951,0.3594267412388021,47.36466441051065,0.004563952256443501,0.1478700483779406,0.15025358740775552
0.14703,0.1503,0.14881,0.14998,869184089.0,-0.0013963327156295002,-0.0005396557545461751,-0.0008566769610833251,18.761522581570357,0.1600144945212697,0.15104800000000002,0.14208150547873033,11.872377682948049,0.44044495329436834,49.51656933677591,0.004471527095260566,0.1482920387023525,0.1502333216738477
0.14967,0.15412,0.14998,0.15211,872654796.0,-0.0010318057646999945,-0.0001401030428933354,-0.0008917027218066591,18.267091707202546,0.15913186688825384,0.150748,0.14236413311174614,11.123022379406493,0.5812274346762484,53.233328527211896,0.004469989445598969,0.149055630961882,0.15037233488319232
0.1492,0.15211,0.15211,0.15056,663239633.0,-0.0008580959796161969,2.6885393752369832e-05,-0.0008849813733685667,17.661656948550718,0.15830624181048839,0.1504265,0.1425467581895116,10.476534135259937,0.5084710897394069,50.3294747748946,0.004358561628047456,0.14935650476950563,0.15038623600295586
0.15017,0.15385,0.15056,0.15229,636688017.0,-0.0005742140000819795,0.0002486138986292698,-0.0008228278987112493,17.537983643591655,0.15766512457921011,0.15022,0.14277487542078987,9.912294739994836,0.6390171499467124,53.38585861825053,0.004310092940326253,0.1499432038156045,0.15052725555829247
0.14982,0.15248,0.1523,0.15128,540934291.0,-0.0004258253950328583,0.00031760200294271286,-0.0007434273979755712,17.302840137474654,0.1572070445835116,0.1500435,0.1428799554164884,9.548623677149086,0.5863050397456915,51.39742781527631,0.004192229158866416,0.15021056305248362,0.15058301440582636
0.14335,0.15174,0.15127,0.14486,1748688534.0,-0.000816850557515375,-5.8738527631843076e-05,-0.000758112029883532,16.880053814717673,0.1564566692184973,0.14948999999999998,0.14252333078150267,9.320582271051325,0.16770347099968447,40.95522921524148,0.004492069933251909,0.1491404504419869,0.15015908741280218
0.1426,0.14561,0.14487,0.14308,1266453992.0,-0.0012558947667821452,-0.0003982261895188905,-0.0008576685772632547,16.659905516932028,0.15557501000147111,0.14882599999999999,0.14207698999852886,9.069665248640868,0.07430793562704176,38.61287606934435,0.004386207795156321,0.14792836035358953,0.14963471056740943
0.14216,0.14455,0.14309,0.14381,597070331.0,-0.0015273294633098844,-0.0005357287088373038,-0.0009916007544725806,16.559666975671377,0.1543473836819934,0.1482005,0.14205361631800661,8.295361597286645,0.14286781504736346,40.1253012312921,0.004243621524066014,0.14710468828287163,0.1492032505253791
0.14347,0.14623,0.1438,0.14388,596482565.0,-0.001717002465281059,-0.0005803213686467826,-0.0011366810966342764,15.93105964710007,0.1536481320337966,0.1477225,0.14179686796620342,8.0226533314784,0.1757729826890648,40.27724967984189,0.004137648558055977,0.14645975062629732,0.14880893567164732
0.14378,0.14513,0.14389,0.14443,298770300.0,-0.0018021650455686544,-0.0005323871591475023,-0.0012697778864211521,15.34735284200954,0.15344250416874594,0.1474455,0.14144849583125407,8.13453671864646,0.24858279941544614,41.53274462570513,0.0039385308038998364,0.14605380050103786,0.1484845700663401
0.14242,0.14464,0.14442,0.14326,465200358.0,-0.0019416837048188418,-0.0005375246547181516,-0.0014041590501006902,15.184562072010833,0.15301548017064612,0.1470395,0.14106351982935386,8.128401103983798,0.18377572447739995,39.62444645814612,0.0038157786036159607,0.1454950404008303,0.14809756487624084
0.14302,0.14588,0.14326,0.14447,639490689.0,-0.0019323415295325885,-0.00042254598354551855,-0.00150979554598707,14.601379543103457,0.15294300955832765,0.146875,0.14080699044167236,8.262821526233392,0.3018295804511851,42.56363045650508,0.0037475087033549325,0.14529003232066426,0.14782885636688967
0.14387,0.14519,0.14448,0.14466,331348705.0,-0.0018878444801825878,-0.00030243914735641423,-0.0015854053328261735,14.059852909126501,0.15290778278971234,0.1467635,0.14061921721028764,8.373039331594507,0.32882461045559586,43.032600345566266,0.0035741152245373927,0.1451640258565314,0.1475941262656386
0.14251,0.14468,0.14466,0.143,309771222.0,-0.0019638898747923184,-0.0003027876335729158,-0.0016611022412194025,13.980114011115583,0.15278765954711065,0.1464885,0.14018934045288933,8.600210319732486,0.22309798045993826,39.96251820296308,0.003473821279924102,0.14473122068522512,0.14725382061633202
0.14276,0.1444,0.14299,0.14341,268491151.0,-0.0019683825358137175,-0.00024582423567545177,-0.0017225583001382657,13.906070748677871,0.15276699959235615,0.1463275,0.13988800040764385,8.801489251652836,0.2734684226501749,41.08059392640204,0.0033428340456395918,0.1444669765481801,0.1469690931632704
0.1389,0.14416,0.14341,0.14015,963858648.0,-0.0022095276971745015,-0.0003895755176289886,-0.001819952179545513,14.915271628226328,0.15303087789061112,0.1461795,0.13932812210938886,9.373924374636845,0.059979022010843194,35.43062577787359,0.0034797744709551444,0.14360358123854408,0.1464639751511763
0.13927,0.14435,0.14015,0.14315,913869417.0,-0.0021339630492699657,-0.00025120869577956216,-0.0018827543534904036,15.769113331565162,0.152886954635419,0.1459515,0.13901604536458104,9.503779865803331,0.2980305439752349,43.17579627381065,0.0035940762944615214,0.14351286499083526,0.1462184955103484
0.142,0.14364,0.14315,0.14305,480794096.0,-0.002058418518298938,-0.0001405313318468273,-0.0019178871864521105,16.561966341799806,0.15285359403086124,0.145804,0.13875440596913874,9.669959714220804,0.3046696031045406,42.990681040510715,0.0034544994162821006,0.14342029199266823,0.14598379213921148
0.14035,0.14427,0.14305,0.14091,577001620.0,-0.002146485697529066,-0.00018287880886156413,-0.0019636068886675017,17.736992944728513,0.1529219551254542,0.145557,0.13819204487454578,10.11968524420565,0.18451946272290448,39.12476837199454,0.0034877494579770327,0.14291823359413458,0.14560795568445506
0.14,0.14152,0.14092,0.14111,349266500.0,-0.002175068408350078,-0.00016916921574606104,-0.002005899192604017,18.91817976312253,0.15262253053684705,0.14517249999999998,0.13772246946315292,10.26369393218008,0.2273501108547627,39.67078553000114,0.0033471959252612633,0.14255658687530767,0.14527477378190284
0.13574,0.14261,0.14111,0.13732,1322198647.0,-0.0024750113480719593,-0.0003752897243743535,-0.002099721623697606,20.944295086609714,0.15238871263566944,0.1445395,0.13669028736433053,10.860993203476498,0.04011310846694613,33.53275795367165,0.003598824787747794,0.14150926950024614,0.14468553127953968
0.13613,0.14345,0.13732,0.14267,1065493999.0,-0.0022550234934600732,-0.00012424149580997357,-0.0021307819976500997,22.40131930150244,0.15113542154738244,0.14406750000000001,0.1369995784526176,9.81195834922161,0.4011378387103361,46.189556367445505,0.003864623017199474,0.14174141560019693,0.14453623266624044
0.1418,0.1453,0.14266,0.14307,1320549478.0,-0.0020250612313742755,8.457661302065924e-05,-0.0021096378443949348,22.87269943418604,0.15010884008528522,0.14369300000000002,0.1372771599147148,8.929927115844475,0.451448291126452,47.00213513554463,0.0038385785159704765,0.14200713248015756,0.1444276228391115
0.14229,0.15397,0.14307,0.15239,3439480834.0,-0.001078337963570597,0.0008250399046594704,-0.0019033778682300674,21.98606506265224,0.15014073109790813,0.143698,0.13725526890209186,8.967043518919029,1.1745586512854913,61.565475867588404,0.0043986800505532685,0.14408370598412606,0.14501742855473287
0.14778,0.15728,0.15239,0.15063,2787708258.0,-0.0004647133182706098,0.0011509316399675661,-0.001615644958238176,21.87726723826104,0.14995976238728195,0.1436655,0.13737123761271805,8.762385384496557,1.0532419504843253,58.307069182634244,0.004763060046947912,0.14539296478730085,0.14543317458771562
0.1474,0.15099,0.15063,0.14856,618847681.0,-0.0001437855953914935,0.0011774874902773461,-0.0013212730856688396,21.659014731273395,0.1504827469043268,0.1438505,0.13721825309567318,9.221027253053435,0.8550455877123311,54.64393858029722,0.004679270043593296,0.14602637182984068,0.14566479128492188
0.14703,0.15053,0.14856,0.14989,1041545348.0,0.0002153889521108454,0.0012293296302237481,-0.0010139406781129027,21.336812893855537,0.15131134521634682,0.144191,0.1370706547836532,9.876268583124885,0.9001912707066707,56.5334617569411,0.004595036469049804,0.14679909746387257,0.145977769708261
