Id,TimeStamp,Symbol,Price_USD,TimeStamp_y,Price_USD_y
1.0,2024-01-23 23:34:57,BTC,39747.5018268226,2024-01-23 23:37:00,39706.3909747453
1027.0,2024-01-23 23:34:57,ETH,2241.32783433575,2024-01-23 23:37:00,2234.6950971507677
5426.0,2024-01-23 23:34:57,SOL,83.9450270159523,2024-01-23 23:37:00,83.7392696874674
52.0,2024-01-23 23:34:57,XRP,0.518562974327595,2024-01-23 23:37:00,0.5171764810758044
5805.0,2024-01-23 23:34:57,AVAX,30.5812916635106,2024-01-23 23:36:00,30.545646660751668
1839.0,2024-01-23 23:34:57,BNB,298.007840590286,2024-01-23 23:36:00,297.9871658090553
74.0,2024-01-23 23:34:56,DOGE,0.0781647574101775,2024-01-23 23:37:00,0.07806691298876078
2010.0,2024-01-23 23:34:59,ADA,0.476240401787094,2024-01-23 23:36:00,0.47582647446518833
3890.0,2024-01-23 23:34:57,MATIC,0.723580693231077,2024-01-23 23:36:00,0.7232881395246125
2.0,2024-01-23 23:34:59,LTC,65.3663656306195,2024-01-23 23:37:00,65.30659761871308
23149.0,2024-01-23 23:34:56,SEI,0.629770694084453,2024-01-23 23:36:00,0.6295766896022497
2280.0,2024-01-23 23:34:59,FIL,4.87942367250801,2024-01-23 23:37:00,4.877450503672515
1321.0,2024-01-23 23:34:57,ETC,23.0221052746536,2024-01-23 23:37:00,22.931354217527538
1958.0,2024-01-23 23:34:57,TRX,0.107185022051781,2024-01-23 23:36:00,0.10706478743868335
21794.0,2024-01-23 23:34:56,APT,8.73032704618482,2024-01-23 23:37:00,8.719467974493027
1831.0,2024-01-23 23:34:59,BCH,229.386408991304,2024-01-23 23:36:00,229.1692917461138
6636.0,2024-01-23 23:34:57,DOT,6.34811335837516,2024-01-23 23:36:00,6.3452587685710435
6535.0,2024-01-23 23:34:57,NEAR,2.63274749066351,2024-01-23 23:37:00,2.6301451886152662
1765.0,2024-01-23 23:34:57,EOS,0.675796971020112,2024-01-23 23:36:00,0.6757649678730937
3794.0,2024-01-23 23:34:58,ATOM,9.20279302963114,2024-01-23 23:36:00,9.195979483103416
4847.0,2024-01-23 23:34:59,STX,1.38646775312375,2024-01-23 23:36:00,1.3864254347666691
4157.0,2024-01-23 23:34:57,RUNE,3.96090862058846,2024-01-23 23:37:00,3.9591952447842984
3602.0,2024-01-23 23:34:58,BSV,71.7086007589919,2024-01-23 23:36:00,71.42079042176633
328.0,2024-01-23 23:34:56,XMR,149.452560719403,2024-01-23 23:37:00,150.08647410567934
3513.0,2024-01-23 23:34:57,FTM,0.326566385169558,2024-01-23 23:37:00,0.3263572780699348
3773.0,2024-01-23 23:34:57,FET,0.56947788478459,2024-01-23 23:36:00,0.5691980126122599
1437.0,2024-01-23 23:34:56,ZEC,21.7300336646431,2024-01-23 23:37:00,21.393114352673283
512.0,2024-01-23 23:34:57,XLM,0.111559670355683,2024-01-23 23:36:00,0.11148544673801322
4172.0,2024-01-23 23:34:56,LUNC,9.36683593790997e-05,2024-01-23 23:37:00,9.340542359328204e-05
4558.0,2024-01-23 23:34:59,FLOW,0.729526697397099,2024-01-23 23:37:00,0.7289769305294177
7334.0,2024-01-23 23:34:52,CFX,0.178315357568847,2024-01-23 23:37:00,0.17813346424479445
4642.0,2024-01-23 23:34:57,HBAR,0.0706166065953259,2024-01-23 23:36:00,0.07060615773278783
20314.0,2024-01-23 23:34:57,LUNA,0.581762577249078,2024-01-23 23:36:00,0.5810330604666343
8646.0,2024-01-23 23:34:56,MINA,1.03917241382884,2024-01-23 23:36:00,1.038746991233726
4030.0,2024-01-23 23:34:56,ALGO,0.158994563821911,2024-01-23 23:36:00,0.15869849801103283
4256.0,2024-01-23 23:34:57,KLAY,0.192262476907383,2024-01-23 23:37:00,0.18958568435757758
1376.0,2024-01-23 23:34:57,NEO,10.4108360781158,2024-01-23 23:37:00,10.40159926504994
20396.0,2024-01-23 23:34:52,KAS,0.0974820883899742,2024-01-23 23:36:00,0.09747305058038215
3077.0,2024-01-23 23:34:58,VET,0.0265813218641101,2024-01-23 23:37:00,0.026540543324960045
1042.0,2024-01-23 23:34:56,SC,0.0132540535479331,2024-01-23 23:37:00,0.013255451828697789
1274.0,2024-01-23 23:34:57,WAVES,2.13330383229014,2024-01-23 23:37:00,2.127798306076367
26680.0,2024-01-23 23:34:58,NTRN,1.108220699204,2024-01-23 23:37:00,1.1088588986610917
6892.0,2024-01-23 23:34:57,EGLD,48.6378800584553,2024-01-23 23:36:00,48.58609155546322
2634.0,2024-01-23 23:34:57,XDC,0.0437139407771302,2024-01-23 23:36:00,0.04370986025717521
131.0,2024-01-23 23:34:57,DASH,26.9437067698996,2024-01-23 23:37:00,26.819832001995493
9258.0,2024-01-23 23:34:57,XCH,30.1487322392091,2024-01-23 23:37:00,30.05225744861879
5632.0,2024-01-23 23:34:57,AR,8.47081940540313,2024-01-23 23:36:00,8.462115297167166
2011.0,2024-01-23 23:34:57,XTZ,0.936659873374684,2024-01-23 23:36:00,0.935138530380053
5034.0,2024-01-23 23:34:56,KSM,36.3656808452491,2024-01-23 23:36:00,36.34448898683188
2469.0,2024-01-23 23:34:57,ZIL,0.0195372251577199,2024-01-23 23:37:00,0.0194875599576638
7950.0,2024-01-23 23:34:54,FLR,0.0219866989505505,2024-01-23 23:36:00,0.021992978734137886
6951.0,2024-01-23 23:34:56,REEF,0.00140204575869564,2024-01-23 23:36:00,0.0013912855893839268
2416.0,2024-01-23 23:34:57,THETA,0.933924079229178,2024-01-23 23:36:00,0.9337406856407976
1684.0,2024-01-23 23:34:58,QTUM,2.82764877212101,2024-01-23 23:36:00,2.8230539884437906
2777.0,2024-01-23 23:34:57,IOTX,0.0408448900729318,2024-01-23 23:36:00,0.04078626256661959
5198.0,2024-01-23 23:34:58,CTC,0.504836944030516,2024-01-23 23:37:00,0.5036170385644689
23254.0,2024-01-23 23:34:55,CORE,0.489631304188519,2024-01-23 23:36:00,0.4890992482735957
5647.0,2024-01-23 23:34:58,KDA,0.996921046990784,2024-01-23 23:36:00,0.9946213892279412
3635.0,2024-01-23 23:34:56,CRO,0.0765234808360739,2024-01-23 23:36:00,0.07645857971427902
5567.0,2024-01-23 23:34:57,CELO,0.623611200695345,2024-01-23 23:37:00,0.6217544356208342
7548.0,2024-01-23 23:34:57,WEMIX,2.48225646039103,2024-01-23 23:36:00,2.4295562913835167
21296.0,2024-01-23 23:34:51,ETHW,2.58810497898386,2024-01-23 23:36:00,2.5867890127443194
1343.0,2024-01-23 23:34:57,STRAX,0.82479438883886,2024-01-23 23:37:00,0.8378844404447924
3945.0,2024-01-23 23:34:58,ONE,0.0138512126973943,2024-01-23 23:36:00,0.013836373704025644
12220.0,2024-01-23 23:34:54,OSMO,1.44641933846477,2024-01-23 23:36:00,1.4397572647296781
2570.0,2024-01-23 23:34:57,VIC,0.67339356860412,2024-01-23 23:36:00,0.6733685096468391
873.0,2024-01-23 23:34:55,XEM,0.0437261474519944,2024-01-23 23:36:00,0.043813499198111644
2405.0,2024-01-23 23:34:58,IOST,0.00804090184038743,2024-01-23 23:37:00,0.00801634168651045
5899.0,2024-01-23 23:34:58,CSPR,0.0407366316219091,2024-01-23 23:36:00,0.04068953523112832
2577.0,2024-01-23 23:34:59,RVN,0.0176071316972466,2024-01-23 23:36:00,0.01760785389537144
1698.0,2024-01-23 23:34:57,ZEN,7.5947802559166,2024-01-23 23:36:00,7.592028991744919
3029.0,2024-01-23 23:34:54,FLUX,0.556757747617929,2024-01-23 23:36:00,0.5566952652735295
6836.0,2024-01-23 23:34:56,GLMR,0.3496647568441,2024-01-23 23:36:00,0.34898584843688013
7878.0,2024-01-23 23:34:56,MOB,0.319845164969126,2024-01-23 23:36:00,0.3192888703148742
3437.0,2024-01-23 23:34:54,ABBC,0.0374184141320388,2024-01-23 23:37:00,0.03768166483149175
2566.0,2024-01-23 23:34:57,ONT,0.216239813618388,2024-01-23 23:36:00,0.21650180083450188
2780.0,2024-01-23 23:34:54,NKN,0.10510570406078,2024-01-23 23:36:00,0.1050096776645743
2638.0,2024-01-23 23:34:57,CTXC,0.394751131992744,2024-01-23 23:36:00,0.39198639247749956
4279.0,2024-01-23 23:34:52,SXP,0.312254167810809,2024-01-23 23:37:00,0.31132286256933744
5865.0,2024-01-23 23:34:56,FIO,0.0246537215760798,2024-01-23 23:36:00,0.024645531202741267
5665.0,2024-01-23 23:34:57,HNT,5.91039984926647,2024-01-23 23:36:00,5.896023182459069
6756.0,2024-01-23 23:34:56,ACA,0.0794230963774975,2024-01-23 23:36:00,0.07936199794775202
4512.0,2024-01-23 23:34:51,FNSA,25.3452516007669,2024-01-23 23:37:00,25.30399874038735
2081.0,2024-01-23 23:34:58,AMB,0.00734572514629226,2024-01-23 23:37:00,0.007336616571036556
2300.0,2024-01-23 23:34:58,WAXP,0.0544227610742564,2024-01-23 23:37:00,0.05424024078336148
7431.0,2024-01-23 23:34:58,AKT,2.55615447132915,2024-01-23 23:37:00,2.554383970527163
10442.0,2024-01-23 23:34:58,DESO,31.815283635801,2024-01-23 23:37:00,32.235764667016284
1230.0,2024-01-23 23:34:49,STEEM,0.209788507116445,2024-01-23 23:37:00,0.21446041700065827
10791.0,2024-01-23 23:34:54,XEC,3.03178343315211e-05,2024-01-23 23:36:00,3.073052654876586e-05
3992.0,2024-01-23 23:34:51,COTI,0.0522567622845387,2024-01-23 23:36:00,0.05232946660255936
11948.0,2024-01-23 23:34:52,XRD,0.0409176127398571,2024-01-23 23:36:00,0.04089255970949977
5804.0,2024-01-23 23:34:56,DFI,0.123434306252504,2024-01-23 23:36:00,0.12342887706663654
1586.0,2024-01-23 23:34:52,ARK,0.685867369646699,2024-01-23 23:36:00,0.6855147554692947
4807.0,2024-01-23 23:34:57,CTK,0.600793470392637,2024-01-23 23:36:00,0.5979968694156331
3822.0,2024-01-23 23:34:56,TFUEL,0.0407275999779757,2024-01-23 23:36:00,0.0406673704091005
2099.0,2024-01-23 23:34:56,ICX,0.210139696254064,2024-01-23 23:37:00,0.20868328346427384
1214.0,2024-01-23 23:34:58,LSK,0.969035087692124,2024-01-23 23:37:00,0.9699987327640115
1414.0,2024-01-23 23:34:54,FIRO,1.59869337696806,2024-01-23 23:37:00,1.5985619297980596
109.0,2024-01-23 23:34:56,DGB,0.00749309732688516,2024-01-23 23:37:00,0.007484844038924367
14556.0,2024-01-23 23:34:57,BOBA,0.21905719687233,2024-01-23 23:37:00,0.2185922460876961
8936.0,2024-01-23 23:34:49,TRIAS,10.1291657901076,2024-01-23 23:36:00,10.130606374224044
1320.0,2024-01-23 23:34:56,ARDR,0.0816370280442217,2024-01-23 23:37:00,0.08161606440870973
18736.0,2024-01-23 23:34:39,BFIC,16.0390403886798,2024-01-23 23:37:00,16.023973474189063
693.0,2024-01-23 23:34:57,XVG,0.0030868600228281,2024-01-23 23:36:00,0.003081737617784367
3987.0,2024-01-23 23:34:55,BDX,0.0432875591675479,2024-01-23 23:36:00,0.04320165590568635
2083.0,2024-01-23 23:34:58,BTG,20.2626652990853,2024-01-23 23:37:00,22.03491318816157
11976.0,2024-01-23 23:34:57,AZERO,1.07433534945118,2024-01-23 23:36:00,1.0741355061032598
4948.0,2024-01-23 23:34:56,CKB,0.00303471817879412,2024-01-23 23:36:00,0.0030257135260911856
541.0,2024-01-23 23:34:57,SYS,0.11441591492017,2024-01-23 23:36:00,0.11439614109448355
5275.0,2024-01-23 23:34:57,PCI,0.107416848390865,2024-01-23 23:37:00,0.10749196683351603
2606.0,2024-01-23 23:34:57,WAN,0.198362902225371,2024-01-23 23:36:00,0.19831080459974565
16093.0,2024-01-23 23:34:55,KUB,1.92916237679805,2024-01-23 23:36:00,1.9244999362335367
3714.0,2024-01-23 23:34:55,LTO,0.0775760546944089,2024-01-23 23:36:00,0.07771378030187698
6748.0,2024-01-23 23:34:52,CFG,0.51063167380735,2024-01-23 23:36:00,0.5105902848665119
1169.0,2024-01-23 23:34:51,PIVX,0.277461666716398,2024-01-23 23:37:00,0.27749708286501806
1521.0,2024-01-23 23:34:56,KMD,0.233566155873898,2024-01-23 23:36:00,0.23375123864012357
9720.0,2024-01-23 23:34:48,LAT,0.00792780446276762,2024-01-23 23:36:00,0.00793444298877818
4660.0,2024-01-23 23:34:54,TLOS,0.190826949529582,2024-01-23 23:36:00,0.1905446039997228
3930.0,2024-01-23 23:34:55,TT,0.00408598332596267,2024-01-23 23:36:00,0.004085490712750669
5370.0,2024-01-23 23:34:55,HIVE,0.300775214172103,2024-01-23 23:37:00,0.30674902163406215
9104.0,2024-01-23 23:34:57,AIOZ,0.114970772872343,2024-01-23 23:36:00,0.11460535098694953
2675.0,2024-01-23 23:34:46,DOCK,0.0259333530019276,2024-01-23 23:36:00,0.025919770109556997
5268.0,2024-01-23 23:34:57,EWT,2.08020992878664,2024-01-23 23:37:00,2.0823597986749465
4747.0,2024-01-23 23:34:51,VLX,0.025895847404906,2024-01-23 23:36:00,0.0259712457802058
2092.0,2024-01-23 23:34:54,NULS,0.223634017807558,2024-01-23 23:37:00,0.22350038455888277
19899.0,2024-01-23 23:34:57,EVMOS,0.0948565605882091,2024-01-23 23:37:00,0.0945870070703741
3637.0,2024-01-23 23:34:55,AERGO,0.125063942641369,2024-01-23 23:36:00,0.12715201677528293
15185.0,2024-01-23 23:34:49,KUJI,3.34988289749629,2024-01-23 23:36:00,3.352149550297478
1168.0,2024-01-23 23:34:55,DCR,14.0682515212126,2024-01-23 23:37:00,14.071090812248853
27195.0,2024-01-23 23:34:55,XNA,0.00278751569176594,2024-01-23 23:36:00,0.0027824834262596995
22858.0,2024-01-23 23:34:30,DNX,0.582115165546802,2024-01-23 23:37:00,0.5828828598061444
3709.0,2024-01-23 23:34:43,GRIN,0.0759756607196613,2024-01-23 23:36:00,0.07719817176277168
19819.0,2024-01-23 23:33:52,REI,0.0275873612511227,2024-01-23 23:37:00,0.027372626350473085
5604.0,2024-01-23 23:34:57,SCRT,0.368087850062833,2024-01-23 23:36:00,0.36792049863977966
2137.0,2024-01-23 23:34:54,ETN,0.00221603611802358,2024-01-23 23:37:00,0.002199010453823782
27622.0,2024-01-23 23:34:55,LYX,9.31601477790328,2024-01-23 23:36:00,9.314690692685813
4951.0,2024-01-23 23:34:54,ZYN,0.0830894470953988,2024-01-23 23:36:00,0.08304149998274986
2916.0,2024-01-23 23:34:58,NIM,0.00125269838013478,2024-01-23 23:36:00,0.0012535976224322377
13916.0,2024-01-23 23:34:08,OMAX,0.00209867524236955,2024-01-23 23:36:00,0.002097540009681972
6724.0,2024-01-23 23:34:58,KLV,0.00293596915996686,2024-01-23 23:36:00,0.0029417666678679157
2492.0,2024-01-23 23:34:48,ELA,3.27181024632052,2024-01-23 23:37:00,3.2662164445798294
3874.0,2024-01-23 23:34:57,IRIS,0.0269523982299489,2024-01-23 23:36:00,0.026918294542070936
5552.0,2024-01-23 23:34:56,HTR,0.067111921844726,2024-01-23 23:37:00,0.06719172155223274
14294.0,2024-01-23 23:32:25,NEER,0.264693122910345,2024-01-23 23:36:00,0.26464912807718344
2868.0,2024-01-23 23:34:57,DAG,0.0505283387859809,2024-01-23 23:36:00,0.050719963500847995
15305.0,2024-01-23 23:34:18,KMA,0.00321437805663769,2024-01-23 23:36:00,0.0032161501979941017
2937.0,2024-01-23 23:34:54,VITE,0.0161810439519985,2024-01-23 23:36:00,0.01617896414420801
8677.0,2024-01-23 23:34:48,XYM,0.0281513988844442,2024-01-23 23:37:00,0.028176860802735307
3704.0,2024-01-23 23:34:55,VSYS,0.00120225748680504,2024-01-23 23:36:00,0.0012010101838332331
14878.0,2024-01-23 23:34:35,ALPH,1.5742121262358,2024-01-23 23:36:00,1.5772517157603116
18031.0,2024-01-23 23:34:54,CCD,0.00558706077669878,2024-01-23 23:36:00,0.005591879689798264
1903.0,2024-01-23 23:34:46,HC,0.0995923057355433,2024-01-23 23:36:00,0.09936625985454317
5919.0,2024-01-23 23:34:57,MTRG,2.75289563239844,2024-01-23 23:36:00,2.747420214592283
1762.0,2024-01-23 23:34:43,ERG,1.18316743463951,2024-01-23 23:36:00,1.1832169990563852
3441.0,2024-01-23 23:34:54,DIVI,0.00354235298439917,2024-01-23 23:36:00,0.0035393168527529627
7505.0,2024-01-23 23:34:56,EVER,0.0672084602188576,2024-01-23 23:37:00,0.06669182745166562
5453.0,2024-01-23 23:34:51,KAI,0.00506883438981955,2024-01-23 23:37:00,0.005063154270040206
28419.0,2024-01-23 23:34:52,VRC,1.84345930140679,2024-01-23 23:36:00,1.8466138948967659
3418.0,2024-01-23 23:34:54,META,0.03456055044102,2024-01-23 23:37:00,0.03459377143570224
8357.0,2024-01-23 23:34:44,BITCI,0.00151005455482866,2024-01-23 23:37:00,0.001515268084600335
4566.0,2024-01-23 23:34:38,XDB,0.000488989277059283,2024-01-23 23:36:00,0.0004893745946679553
3853.0,2024-01-23 23:34:52,MTV,0.00171116720777574,2024-01-23 23:36:00,0.0017138994579205705
1918.0,2024-01-23 23:34:50,ACT,0.000992446471570402,2024-01-23 23:36:00,0.0009923177692521652
2530.0,2024-01-23 23:34:54,FSN,0.156820080023977,2024-01-23 23:36:00,0.15786238684595255
2474.0,2024-01-23 23:34:28,MAN,0.0157885510968745,2024-01-23 23:37:00,0.016700574978773
6865.0,2024-01-23 23:34:57,CRP,0.336592764904277,2024-01-23 23:36:00,0.3343861042584328
463.0,2024-01-23 23:34:54,BTS,0.00389142492900489,2024-01-23 23:37:00,0.0038797002482073993
8282.0,2024-01-23 23:05:29,KOIN,0.927214621440428,2024-01-23 23:37:00,0.9272068963866524
4249.0,2024-01-23 23:34:54,FRA,0.00137671655891532,2024-01-23 23:37:00,0.0013793591307830306
16690.0,2024-01-23 23:25:11,ABEY,0.375389197740062,2024-01-23 23:37:00,0.37525422006964815
1866.0,2024-01-23 23:34:38,BTM,0.00912595829155136,2024-01-23 23:36:00,0.009151632162778506
3260.0,2024-01-23 23:34:51,AMO,0.00048519153276058,2024-01-23 23:37:00,0.0004851949685112482
12131.0,2024-01-23 23:34:27,FRTS,7.88309952058145e-06,2024-01-23 23:36:00,8.072763704401715e-06
4427.0,2024-01-23 23:08:55,BDCC,1.19323072279155e-05,2024-01-23 23:37:00,1.1932374330138652e-05
2303.0,2024-01-23 23:34:45,MED,0.0108319577530661,2024-01-23 23:37:00,0.010907446598758778
20729.0,2024-01-23 23:34:49,KON,0.00177226304587039,2024-01-23 23:37:00,0.0017722688428328621
12400.0,2024-01-23 23:34:16,DEL,0.011719113632879,2024-01-23 23:37:00,0.011354157645055374
213.0,2024-01-23 23:34:57,MONA,0.354231449716675,2024-01-23 23:37:00,0.35909165715732927
2941.0,2024-01-23 23:34:51,CET,0.031411895845104,2024-01-23 23:36:00,0.03140329681869287
22866.0,2024-01-23 23:34:43,RXD,0.00183026915973623,2024-01-23 23:37:00,0.0018476584681605718
1700.0,2024-01-23 23:34:51,AE,0.0165527418359744,2024-01-23 23:36:00,0.01676905933830972
4769.0,2024-01-23 23:34:52,EOSC,0.00237488505812088,2024-01-23 23:36:00,0.002396326974672317
22359.0,2024-01-23 23:34:50,XPLA,0.157474871684179,2024-01-23 23:36:00,0.16182834374368335
87.0,2024-01-23 23:34:34,TIPS,5.02833363343134e-06,2024-01-23 23:37:00,5.024855307866238e-06
2346.0,2024-01-23 23:34:03,WICC,0.00348236032115233,2024-01-23 23:36:00,0.003496253303897145
4078.0,2024-01-23 23:34:25,SERO,0.00340365184637601,2024-01-23 23:36:00,0.003406768467879399
14925.0,2024-01-23 23:34:26,WIT,0.0109525488617283,2024-01-23 23:36:00,0.010706437145695665
3218.0,2024-01-23 23:34:55,NRG,0.104518669990579,2024-01-23 23:37:00,0.10599719031452201
6753.0,2024-01-23 23:09:25,HDX,0.0222856274000518,2024-01-23 23:36:00,0.02175962187235789
3175.0,2024-01-23 23:34:30,MARO,0.00169603514264843,2024-01-23 23:37:00,0.0016947888643104468
4200.0,2024-01-23 23:34:24,PCX,0.513249244266783,2024-01-23 23:37:00,0.514850300813497
5945.0,2024-01-23 23:16:24,TEM,0.200838755987926,2024-01-23 23:36:00,0.20143543737458255
5221.0,2024-01-23 23:34:56,HNS,0.0369976619575755,2024-01-23 23:37:00,0.03696718314652666
8245.0,2024-01-23 23:34:42,HYDRA,0.582621771968877,2024-01-23 23:37:00,0.583031352085743
3663.0,2024-01-23 23:33:29,XFC,0.00801835335130326,2024-01-23 23:36:00,0.008017001624085893
4388.0,2024-01-23 23:34:57,EXCC,0.0338424925583519,2024-01-23 23:37:00,0.03381276674498441
14299.0,2024-01-23 23:33:59,JUNO,0.383014818580765,2024-01-23 23:36:00,0.3830827591619308
10228.0,2024-01-23 23:21:08,OMC,0.0141918787208458,2024-01-23 23:36:00,0.01408377471721778
8162.0,2024-01-23 23:34:49,AME,0.000779657503137417,2024-01-23 23:36:00,0.0007804504556641794
1826.0,2024-01-23 23:34:52,PART,0.503221373101534,2024-01-23 23:36:00,0.5031588263467358
2222.0,2024-01-23 23:34:54,BCD,0.0787607485718296,2024-01-23 23:37:00,0.07871519090717638
3951.0,2024-01-23 23:34:51,ARRR,0.228387661861253,2024-01-23 23:36:00,0.2282396864264124
5548.0,2024-01-23 23:33:58,MASS,0.00261694736586452,2024-01-23 23:37:00,0.0026060041164537315
2345.0,2024-01-23 23:34:28,HPB,0.00601722832636528,2024-01-23 23:37:00,0.006022856531021254
8216.0,2024-01-23 23:34:21,XEP,0.00038838413572681,2024-01-23 23:37:00,0.0003865735871219391
18995.0,2024-01-23 23:32:18,XX,0.106611289363469,2024-01-23 23:36:00,0.10660181034443221
24261.0,2024-01-23 23:34:48,OCTA,0.600353281683901,2024-01-23 23:36:00,0.6056285091694341
2281.0,2024-01-23 23:34:07,BCX,0.000218663795588252,2024-01-23 23:37:00,0.00021861454030349742
2655.0,2024-01-23 23:34:22,XMC,0.31158686181396,2024-01-23 23:36:00,0.30451186603444874
372.0,2024-01-23 23:34:11,BCN,0.000345805544471946,2024-01-23 23:37:00,3.707344159067795e-05
2041.0,2024-01-23 23:34:10,BTCZ,8.74652079319594e-05,2024-01-23 23:36:00,8.731126321981628e-05
5925.0,2024-01-23 23:34:35,PKOIN,0.31733025040584,2024-01-23 23:36:00,0.30629891918531243
4424.0,2024-01-23 23:34:54,XDAG,0.00772872071431441,2024-01-23 23:37:00,0.007733053421254491
5155.0,2024-01-23 23:34:12,NYZO,0.00993079832545269,2024-01-23 23:37:00,0.009943967626127027
1503.0,2024-01-23 23:30:14,JUP,0.00516282100805856,2024-01-23 23:36:00,0.005215495974636499
1703.0,2024-01-23 23:32:45,ETP,0.0149709318098473,2024-01-23 23:36:00,0.014969424553756916
3126.0,2024-01-23 23:34:55,XPX,0.00066692293753466,2024-01-23 23:37:00,0.0006685856578407726
1908.0,2024-01-23 23:34:54,NAS,0.00855312226083326,2024-01-23 23:36:00,0.008551398250867412
377.0,2024-01-23 23:34:49,NAV,0.0463241082650333,2024-01-23 23:37:00,0.04643742932978513
1107.0,2024-01-23 23:33:51,PAC,6.59533426442836e-05,2024-01-23 23:37:00,6.6119373715461e-05
3452.0,2024-01-23 23:00:03,ETHO,0.00373609832254088,2024-01-23 23:37:00,0.0025469690427628667
5906.0,2024-01-23 23:32:54,NVT,0.0078618050550274,2024-01-23 23:36:00,0.007863119165619359
2282.0,2024-01-23 23:34:30,SBTC,0.439375951686452,2024-01-23 23:37:00,0.4389456964892995
7980.0,2024-01-23 23:34:54,PLEX,0.027737311810362,2024-01-23 23:36:00,0.02781691727952842
2838.0,2024-01-23 23:34:11,PI,0.00368617767548814,2024-01-23 23:36:00,0.003681515809290452
23319.0,2024-01-23 23:00:24,PLCU,139.308611069037,2024-01-23 23:36:00,139.5786221852624
15388.0,2024-01-23 23:33:20,ATOLO,0.000241667281965364,2024-01-23 23:37:00,0.00024059334596117447
2481.0,2024-01-23 23:33:27,ZPT,0.000243495240275773,2024-01-23 23:37:00,0.0002429974756447388
2757.0,2024-01-23 23:32:35,CLO,0.000780977186661692,2024-01-23 23:36:00,0.0007813529791798023
1955.0,2024-01-23 23:34:21,NEBL,0.0215180402526974,2024-01-23 23:36:00,0.01405809959412493
5836.0,2024-01-23 23:04:24,IDNA,0.0229905369937803,2024-01-23 23:36:00,0.022990352883478976
2861.0,2024-01-23 23:34:56,GO,0.00449653897373461,2024-01-23 23:36:00,0.004595817417963459
258.0,2024-01-23 23:34:54,GRS,0.483519499002029,2024-01-23 23:37:00,0.5084716722172058
3362.0,2024-01-23 22:00:05,AUX,0.000484551278631649,2024-01-23 23:37:00,0.0004916329213731689
2370.0,2024-01-23 23:34:42,GOD,1.71356903500798,2024-01-23 23:37:00,0.3384323426480214
99.0,2024-01-23 23:34:59,VTC,0.0379793854446579,2024-01-23 23:37:00,0.038315960105994966
4704.0,2024-01-23 23:34:44,BAN,0.00459041983296445,2024-01-23 23:36:00,0.004570219038951239
24618.0,2024-01-23 23:33:57,ETI,0.621058022092105,2024-01-23 23:37:00,0.6201166434253935
10776.0,2024-01-23 23:20:35,SIGNA,0.00114461052113358,2024-01-23 23:36:00,0.0011281134131393522
1883.0,2024-01-23 23:33:54,ADS,0.361443140087197,2024-01-23 23:36:00,0.36219939539773593
1298.0,2024-01-23 23:34:47,LBC,0.00445527755867268,2024-01-23 23:37:00,0.004460476626717375
3973.0,2024-01-23 23:34:44,AYA,0.000620129456608134,2024-01-23 23:36:00,0.0006214159164928942
3.0,2024-01-23 23:34:42,NMC,0.56592421026593,2024-01-23 23:37:00,0.5720636613789353
7622.0,2024-01-23 23:34:43,UBX,1.73792342251483e-05,2024-01-23 23:37:00,1.740533137012812e-05
5524.0,2024-01-23 23:29:19,TNC,0.000107936676430174,2024-01-23 23:37:00,0.00010817363000023108
4691.0,2024-01-23 23:34:49,ZANO,2.94474443507038,2024-01-23 23:36:00,2.933386327825112
2665.0,2024-01-23 23:34:56,DERO,2.67078857199718,2024-01-23 23:36:00,2.6449168620095866
12306.0,2024-01-23 23:34:48,RTM,0.00116101710729395,2024-01-23 23:37:00,0.0012365044513113616
2662.0,2024-01-23 23:34:47,XHV,0.118255562292294,2024-01-23 23:36:00,0.11982922920167104
2748.0,2024-01-23 23:34:46,OXEN,0.124128669926796,2024-01-23 23:36:00,0.12402901540240269
3071.0,2024-01-23 23:00:11,EUNO,6.98757916143564e-05,2024-01-23 23:36:00,9.929871566319399e-05
3200.0,2024-01-23 23:06:24,NSD,0.000980346027983432,2024-01-23 23:37:00,0.0009832658427463379
5175.0,2024-01-23 23:26:09,BTCV,1.00359649499296,2024-01-23 23:37:00,1.067651347849598
5435.0,2024-01-23 23:00:01,EPIC,0.293900584446083,2024-01-23 23:37:00,0.2863198693699635
9523.0,2024-01-23 23:34:38,PKT,0.00164857895925614,2024-01-23 23:36:00,0.0016484455438562006
1066.0,2024-01-23 23:32:10,PAK,0.00348798200931991,2024-01-23 23:37:00,0.0034872425969011064
3617.0,2024-01-23 23:34:41,ILC,0.00134125063949215,2024-01-23 23:36:00,0.0013411585424451134
14339.0,2024-01-23 23:11:25,CPH,0.0147534733782111,2024-01-23 23:37:00,0.01475356263349445
6248.0,2024-01-23 23:20:49,COAL,0.00228922104226717,2024-01-23 23:37:00,0.0020731328531059167
66.0,2024-01-23 23:00:08,NXT,0.00127210129469362,2024-01-23 23:37:00,0.0021119292767005447
4460.0,2024-01-23 23:28:38,PIRATE,0.0100093075499169,2024-01-23 23:37:00,0.009947657010158765
25.0,2024-01-23 23:32:35,GLC,0.0108950915050259,2024-01-23 23:37:00,0.00943814867445695
5031.0,2024-01-23 23:00:11,MWC,4.03068752588812,2024-01-23 23:36:00,3.956605972578009
8431.0,2024-01-23 22:00:19,G999,0.000956330865383968,2024-01-23 23:37:00,0.0009503939802449822
1681.0,2024-01-23 22:00:10,PZM,0.000935336186625966,2024-01-23 23:36:00,0.000935391660863271
4245.0,2024-01-23 23:00:33,ENQ,0.000799503055046102,2024-01-23 23:37:00,0.0007994763676583717
1694.0,2024-01-23 23:00:08,SUMO,0.00788702802710046,2024-01-23 23:36:00,0.00788503115904
293.0,2024-01-23 23:00:03,XBC,2.22387641859176,2024-01-23 23:37:00,2.2429662508521733
1828.0,2024-01-23 23:00:06,SMART,0.000136695477641354,2024-01-23 23:36:00,0.00013812228080512963
2540.0,2024-01-23 23:00:03,LCC,0.00907961550511877,2024-01-23 23:36:00,0.006953560060440826
4097.0,2024-01-23 15:00:04,X42,0.00426359356067505,2024-01-23 23:37:00,0.004366892459465749
3132.0,2024-01-23 23:00:01,EGEM,0.000631610980668195,2024-01-23 23:37:00,0.000595485335381693
1750.0,2024-01-23 23:00:08,GXC,0.303968604367041,2024-01-23 23:36:00,0.30376446650592
4165.0,2024-01-23 22:00:19,CREDIT,3.51902679903257e-06,2024-01-23 23:37:00,0.00014545918967971631
4074.0,2024-01-23 23:22:44,SCP,0.117935511409132,2024-01-23 23:36:00,0.1130883412695078
2992.0,2024-01-23 18:00:22,APL,4.75598392220734e-05,2024-01-23 23:36:00,4.829081194789932e-05
4268.0,2024-01-23 22:00:10,NYE,0.724143451682828,2024-01-23 23:37:00,0.7430130842640646
4121.0,2024-01-23 19:00:17,SAPP,0.00969841208749276,2024-01-23 23:37:00,0.00969776126630528
16.0,2024-01-23 18:00:19,WDC,0.00729388606023291,2024-01-23 23:37:00,0.0072952218548826405
19525.0,2024-01-23 08:00:11,BTCA,39784.3930706122,2024-01-23 23:37:00,39705.39542523214
644.0,2024-01-23 22:00:08,BSTY,0.0296777470097517,2024-01-23 23:36:00,0.029685463664110415
3830.0,2024-01-23 23:00:07,VEIL,0.00430734741107259,2024-01-23 23:36:00,0.00433003378912481
3361.0,2024-01-23 23:12:55,MINTME,0.00264832353381312,2024-01-23 23:37:00,0.0025094807986062377
3481.0,2024-01-23 21:00:21,PNY,0.000313436849717302,2024-01-23 23:37:00,0.00033592627043478254
1070.0,2024-01-23 23:00:01,EXP,0.00284454615344229,2024-01-23 23:37:00,0.0028599916280114485
1654.0,2024-01-23 23:05:34,BTX,0.033677436113587,2024-01-23 23:36:00,0.03778255450124549
1799.0,2024-01-23 02:00:01,RUP,3.98362571994751e-05,2024-01-23 23:36:00,3.9722105944603456e-05
2160.0,2024-01-23 22:00:08,INN,0.0101069351077843,2024-01-23 23:37:00,0.010107379978120962
7270.0,2024-01-23 22:00:02,SFD,0.404011686338753,2024-01-23 23:37:00,0.40267869080803714
4491.0,2024-01-23 16:00:13,FLS,0.0101141955423954,2024-01-23 23:37:00,0.014626521405723167
416.0,2024-01-23 17:00:13,THC,0.00172955138736297,2024-01-23 23:36:00,0.001747772661562552
3118.0,2024-01-23 22:00:02,GIO,0.0106752576110038,2024-01-23 23:37:00,0.011395076378055482
22060.0,2024-01-23 23:05:08,BONTE,1.49906248860828e-05,2024-01-23 23:36:00,1.499041112933799e-05
3752.0,2024-01-23 21:00:23,UPX,7.10856370154356e-06,2024-01-23 23:36:00,3.9722105944603456e-05
4546.0,2024-01-23 16:00:13,ZOC,0.000509630007950155,2024-01-23 23:37:00,0.000516087290664134
1447.0,2024-01-23 21:00:23,ZCL,0.0847998974606619,2024-01-23 23:37:00,0.07145824024580316
2230.0,2024-01-23 19:00:17,MONK,0.000508384504586314,2024-01-23 23:37:00,0.0004376493093465513
118.0,2024-01-23 22:00:24,RDD,0.000386777587390776,2024-01-23 23:37:00,0.0001223308825635967
56.0,2024-01-23 23:00:19,ZET,0.000751233139614871,2024-01-23 23:37:00,0.0007939804471755906
405.0,2024-01-23 20:00:06,XDN,2.2274994502623e-05,2024-01-23 23:37:00,3.078050910153605e-05
9632.0,2024-01-23 17:00:12,UMI,0.00113997407309437,2024-01-23 23:37:00,0.0011402706065716435
506.0,2024-01-23 22:00:24,CANN,0.00333304740136402,2024-01-23 23:36:00,0.003574989535014311
1223.0,2024-01-23 18:00:20,BERN,0.00014963825228714,2024-01-23 23:37:00,0.0003972210594460346
362.0,2024-01-23 21:00:44,CLOAK,0.259029623810987,2024-01-23 23:37:00,0.20525049467507864
2386.0,2024-01-23 22:00:02,KZC,0.000902337229150447,2024-01-23 23:37:00,0.0009136084367258795
601.0,2024-01-23 21:00:44,ACOIN,0.00818601512454422,2024-01-23 23:36:00,0.00794442118892069
1850.0,2024-01-23 21:00:44,CRM,0.00039622694307588,2024-01-23 23:36:00,5.708884777480738e-05
1247.0,2024-01-23 15:00:22,ARCO,0.0274071971397947,2024-01-23 23:37:00,0.035316667357623295
2027.0,2024-01-23 21:00:44,CNX,0.76660908474479,2024-01-23 23:36:00,27.020345881472913
290.0,2024-01-23 16:00:37,BLU,0.000397078207947564,2024-01-23 23:37:00,0.00039699022358779537
10999.0,2024-01-23 22:00:07,TKG,2.20946555197371,2024-01-23 23:36:00,2.2093936745669787
333.0,2024-01-23 08:00:05,CURE,0.00715738020799473,2024-01-23 23:37:00,0.007143992932422528
5.0,2024-01-23 23:00:06,PPC,0.359677499627171,2024-01-23 23:37:00,0.37260085939448273
90.0,2024-01-23 20:00:18,DIME,1.01267850836995e-06,2024-01-23 23:37:00,2.2346950971507676e-05
1135.0,2024-01-23 16:00:38,CLUB,0.00234434973972242,2024-01-23 23:37:00,0.0075621627343800376
1306.0,2024-01-23 23:00:19,CJ,2.23609940323262e-05,2024-01-23 23:37:00,0.0003972210594460346
367.0,2024-01-23 22:00:24,C2,8.73854199955681e-05,2024-01-23 23:37:00,0.00039699022358779537
276.0,2024-01-23 21:00:44,BITS,0.00469706466418071,2024-01-23 23:37:00,0.004763882683053544
502.0,2024-01-23 23:00:19,CARBON,8.22715817270884e-06,2024-01-23 23:36:00,0.0003972210594460346
1210.0,2024-01-23 22:00:24,CAB,0.000372059182392918,2024-01-23 23:37:00,0.0003972210594460346
1136.0,2024-01-23 22:00:24,ADZ,0.000457842153073285,2024-01-23 23:37:00,0.0003972210594460346
7635.0,2024-01-23 22:00:19,UNW,0.00498950928029645,2024-01-23 23:36:00,0.002900644553526901
1146.0,2024-01-23 21:00:44,AV,0.0296130692315967,2024-01-23 23:37:00,0.0321749058151288
1218.0,2024-01-23 22:00:13,POST,0.000367740772821174,2024-01-23 23:37:00,0.0007944421188920692
1629.0,2024-01-23 03:00:18,ZENI,8.51391612461886e-05,2024-01-23 23:36:00,0.0003972210594460346
298.0,2024-01-23 22:00:02,NYC,2.17310132868133e-06,2024-01-23 23:37:00,2.9942613897807013e-06
5049.0,2024-01-12 00:00:12,VRSC,0.99808280716492,2024-01-23 23:36:00,1.0998331754480069
268.0,2023-11-21 10:08:08,XWC,0.0209250085588443,2024-01-23 23:37:00,0.04365537797839327
1492.0,2023-11-21 10:58:44,GBYTE,6.55023341437367,2024-01-23 23:36:00,9.93649709444243
4286.0,2024-01-23 21:00:21,ZNZ,0.00220064373282142,2024-01-23 23:37:00,0.0025025295762550036
4018.0,2023-12-13 00:00:06,KTS,0.00124447552063007,2024-01-23 23:36:00,0.0011916631783381035
3611.0,2024-01-04 00:00:03,NOR,0.00522109144106558,2024-01-23 23:36:00,0.003138046369623673
4630.0,2023-12-08 17:38:24,SIERRA,0.000524847878475234,2024-01-23 23:36:00,0.00047666527133524147
3482.0,2023-12-08 17:38:24,TELOS,0.000437373232062695,2024-01-23 23:36:00,0.0002201608284648596
3332.0,2023-12-04 23:00:03,GOSS,8.79081232074034e-05,2024-01-23 23:36:00,0.0003972210594460346
2290.0,2024-01-04 01:00:02,YTN,0.00090122337507326,2024-01-23 23:37:00,0.0008336794695343702
3395.0,2023-12-08 17:38:24,STEEP,0.000437373232062695,2024-01-23 23:37:00,0.0003972210594460346
584.0,2023-12-08 17:38:24,N8V,0.000587406644465755,2024-01-23 23:36:00,0.0015888842377841383
3716.0,2023-12-09 15:00:27,VEO,0.307762300147858,2024-01-23 23:36:00,0.27803640385694317
3708.0,2024-01-21 05:00:04,EXO,0.00351256451513265,2024-01-23 23:36:00,0.0031787429827025695
3334.0,2024-01-23 01:00:10,XCASH,2.19787102515193e-06,2024-01-23 23:37:00,2.224731583928343e-06
3345.0,2023-12-08 17:38:24,DAPS,1.31211969618809e-05,2024-01-23 23:37:00,4.2495251969795615e-06
3159.0,2023-12-08 17:38:24,XAP,0.000393635908856425,2024-01-23 23:37:00,0.00035749895350143106
3125.0,2023-11-21 08:00:03,XDNA,0.00100044460863808,2024-01-23 23:37:00,0.0008341642248366726
3024.0,2024-01-18 19:18:10,ARO,4.92348126298328e-05,2024-01-23 23:36:00,0.0002210029064120093
3902.0,2023-12-08 17:38:24,XMV,0.389262176535799,2024-01-23 23:36:00,0.0008341160113667928
3166.0,2024-01-04 00:00:03,XBI,0.000686132916139096,2024-01-23 23:37:00,0.0024407690591001265
916.0,2024-01-22 22:00:02,MEDIC,3.98592089913341e-05,2024-01-23 23:36:00,3.9722105944603456e-05
2395.0,2024-01-10 00:00:09,IC,0.0070157825456292,2024-01-23 23:37:00,0.006034251398534489
2561.0,2023-12-04 18:00:02,TUBE,0.00191486495011044,2024-01-23 23:36:00,0.0015450739915404469
2457.0,2023-12-08 17:38:24,TRUE,0.000831009140919121,2024-01-23 23:37:00,0.0003176872899354098
2616.0,2023-12-08 17:38:24,SPD,0.00411130838138933,2024-01-23 23:36:00,0.0037338779587927245
1916.0,2024-01-03 03:00:05,BBP,0.000543623439202966,2024-01-23 23:36:00,1.2930179245105376e-05
2489.0,2023-12-13 08:00:04,BTW,0.00134644402124013,2024-01-23 23:37:00,0.0014774096079063247
1106.0,2023-12-27 00:00:05,SHND,4.25391285837142e-05,2024-01-23 23:37:00,4.484507152119838e-05
2332.0,2023-12-31 14:00:05,STAK,0.00010277973689116,2024-01-23 23:37:00,4.310059748368459e-05
3018.0,2023-12-08 17:38:24,KLKS,0.000281955189343562,2024-01-23 23:36:00,0.0003972210594460346
2255.0,2024-01-16 00:00:03,SEND,0.000297647227649332,2024-01-23 23:37:00,0.0002778931565114567
2148.0,2023-12-08 17:38:24,DSR,0.00393635908856426,2024-01-23 23:37:00,0.0035735751877270768
2002.0,2024-01-14 01:00:04,TZC,9.94690273600002e-05,2024-01-23 23:36:00,7.944421188920691e-05
1154.0,2023-11-21 10:28:24,VAL,1.89491818741531,2024-01-23 23:37:00,1.9711598555275116
2009.0,2024-01-06 00:00:03,BIS,0.0138771915975217,2024-01-23 23:36:00,0.019531243648850474
1736.0,2023-12-08 17:38:24,UNIFY,0.000437373232062695,2024-01-23 23:36:00,0.0013902737080611208
1745.0,2023-12-08 17:38:24,DCY,23.4432052385605,2024-01-23 23:36:00,0.0004400591537235415
1970.0,2023-12-09 08:47:46,ATB,0.000599170382943406,2024-01-23 23:36:00,0.0003972210594460346
1558.0,2023-12-28 12:00:25,ARGUS,0.000449299856596621,2024-01-23 23:36:00,0.0003972210594460346
1546.0,2024-01-08 18:06:41,CNT,6.81349840644881e-05,2024-01-23 23:36:00,0.0003972210594460346
1623.0,2024-01-09 12:00:33,BLAZR,0.000466623666132383,2024-01-23 23:36:00,0.0003972210594460346
1578.0,2023-11-19 04:00:01,ZER,0.00804297645197853,2024-01-23 23:36:00,0.026812072322074824
1351.0,2024-01-23 18:00:20,ACES,5.62666373369182e-06,2024-01-23 23:37:00,0.0003972210594460346
1466.0,2023-12-20 17:00:03,HUSH,0.221315275609652,2024-01-23 23:37:00,0.05084200348662265
1250.0,2024-01-20 04:00:22,ZUR,0.000404244766949008,2024-01-23 23:36:00,0.00018087936964065625
898.0,2024-01-16 00:00:23,CF,0.00322753697133727,2024-01-23 23:36:00,0.003972210594460345
1382.0,2023-12-08 17:38:24,NLC,0.000956972631753177,2024-01-23 23:36:00,0.0003431969984285964
1962.0,2024-01-15 00:00:30,BUZZ,1.60147706925254e-06,2024-01-23 23:36:00,1.3679880467028529e-05
145.0,2023-12-08 17:38:24,DOPE,0.00262423939237617,2024-01-23 23:37:00,0.0023823834584847177
1389.0,2023-12-26 09:07:16,ZYD,0.00059999,2024-01-23 23:37:00,0.0003972210594460346
1252.0,2024-01-12 02:00:27,2GIVE,7.96288777831726e-05,2024-01-23 23:37:00,0.0003972210594460346
1281.0,2023-11-17 21:00:01,ION,0.00438161955521076,2024-01-23 23:37:00,464.23834497285924
1279.0,2023-12-08 17:38:24,PWR,2.34962657786302e-05,2024-01-23 23:37:00,2.2392376688991985e-05
945.0,2024-01-12 20:00:18,BTA,0.349250771234117,2024-01-23 23:36:00,0.15952735596506656
1035.0,2023-12-29 14:00:27,AMS,4.71003792374463e-06,2024-01-23 23:37:00,0.0003972210594460346
1004.0,2024-01-22 23:18:17,HNC,0.0153868517445535,2024-01-23 23:36:00,0.01889807846462665
1020.0,2024-01-17 16:00:25,AXIOM,0.000997151471790522,2024-01-23 23:36:00,0.0011916631783381035
993.0,2023-12-15 13:00:02,BSC,0.00170473355990477,2024-01-23 23:36:00,0.0015888842377841383
948.0,2024-01-16 08:00:21,ADC,5.05590056051703e-05,2024-01-23 23:36:00,0.0003972210594460346
1159.0,2023-11-21 10:24:08,SLS,11.4141707069327,2024-01-23 23:37:00,7.9448184099801376
1706.0,2024-01-16 23:00:13,ADK,0.0872671369283454,2024-01-23 23:36:00,0.03217426399369396
83.0,2024-01-22 11:03:47,OMNI,1.42,2024-01-23 23:37:00,1.42
2958.0,2023-12-08 17:38:24,TRTL,2.32613031208439e-05,2024-01-23 23:36:00,2.2560550196747622e-05
21505.0,2024-01-17 05:38:13,REDLC,0.0819569649597363,2024-01-23 23:37:00,0.06299873777147968
2387.0,2024-01-17 14:00:24,BCA,0.417521247800844,2024-01-23 23:36:00,0.37082218080620594
1053.0,2024-01-23 22:00:02,BOLI,0.0072579298866449,2024-01-23 23:37:00,0.00734858959975164
3432.0,2023-12-28 20:00:04,RPD,0.00298493550104156,2024-01-23 23:37:00,0.00199299247351942
4160.0,2024-01-21 01:00:05,YEC,0.0519837364820257,2024-01-23 23:37:00,0.04489216861275074
720.0,2024-01-18 16:51:41,CRW,0.148024143715271,2024-01-23 23:36:00,0.0015085209119289607
2337.0,2023-12-08 17:38:24,TAU,0.00360843973287757,2024-01-23 23:37:00,0.001468521781419491
3799.0,2023-12-08 00:00:04,SAFE,0.0508256711949311,2024-01-23 23:36:00,0.047330211935167524
170.0,2023-11-21 10:49:12,BLK,0.0101008594251512,2024-01-23 23:37:00,0.011514853382676136
760.0,2023-11-21 10:46:10,OK,0.00159782814751498,2024-01-23 23:36:00,0.005276789106928462
2315.0,2024-01-23 05:00:09,HTML,5.63758646460527e-06,2024-01-23 23:37:00,5.760954159095507e-06
313.0,2023-11-21 10:59:30,PINK,1.8007009604753e-05,2024-01-23 23:36:00,4.310059748368459e-05
8.0,2023-11-21 10:55:11,FTC,0.00115850998995754,2024-01-23 23:37:00,0.002200442941489258
2988.0,2023-11-18 00:00:02,PGN,8.23680870795768e-06,2024-01-23 23:36:00,1.1876049435373536e-05
558.0,2024-01-15 13:00:17,EMC,0.010757406738925,2024-01-23 23:36:00,0.06303539811983769
1156.0,2023-11-17 00:27:33,YOC,0.000424360877056108,2024-01-23 23:37:00,6.740003611302826e-05
470.0,2023-11-21 10:42:42,VIA,0.0130976740261717,2024-01-23 23:37:00,0.23938510482344058
1712.0,2023-11-21 10:54:08,QRL,0.0444820039237507,2024-01-23 23:36:00,0.1904681638093685
4003.0,2023-11-22 08:00:04,ZNN,3.61968370855677,2024-01-23 23:36:00,1.471300066887792
